model,origin,child_asin,colour,size,y_units,pred,lo,hi
heuristic,2020-11-07,B089DDS3NW,Indigo Navy Blue,King,34.0,10.431000000000001,2.3443940950567055,38.070682846001276
heuristic,2020-11-07,B089DFCGZL,Indigo Navy Blue,Queen,48.0,13.725,3.3752992007633567,48.556753732903665
heuristic,2020-11-07,B089DFJM8R,Indigo Navy Blue,Oversized King,40.0,3.43125,0.1448249624510302,16.15194654775876
heuristic,2020-11-07,B089DFSS2H,Indigo Navy Blue,Oversized King,18.0,3.43125,0.1448249624510302,16.15194654775876
naive_family,2020-11-07,B089DDS3NW,Indigo Navy Blue,King,34.0,0.0,0.0,4.274784476733291
naive_family,2020-11-07,B089DFCGZL,Indigo Navy Blue,Queen,48.0,0.0,0.0,4.274784476733291
naive_family,2020-11-07,B089DFJM8R,Indigo Navy Blue,Oversized King,40.0,0.0,0.0,4.274784476733291
naive_family,2020-11-07,B089DFSS2H,Indigo Navy Blue,Oversized King,18.0,0.0,0.0,4.274784476733291
size_ratio,2020-11-07,B089DDS3NW,Indigo Navy Blue,King,34.0,25.000000000000004,7.437325989615899,79.12017087309131
size_ratio,2020-11-07,B089DFCGZL,Indigo Navy Blue,Queen,48.0,67.5,21.64486972148703,206.21028902840933
size_ratio,2020-11-07,B089DFJM8R,Indigo Navy Blue,Oversized King,40.0,25.000000000000004,7.437325989615899,79.12017087309131
size_ratio,2020-11-07,B089DFSS2H,Indigo Navy Blue,Oversized King,18.0,0.0,0.0,4.399123233204054
ridge,2020-11-07,B089DDS3NW,Indigo Navy Blue,King,34.0,8.982309183302595,4.622927135879049,16.721463256249237
ridge,2020-11-07,B089DFCGZL,Indigo Navy Blue,Queen,48.0,14.8383412348175,8.537387954818762,25.302070782784604
ridge,2020-11-07,B089DFJM8R,Indigo Navy Blue,Oversized King,40.0,4.050984373755124,1.402707065390847,9.618207900332765
ridge,2020-11-07,B089DFSS2H,Indigo Navy Blue,Oversized King,18.0,4.675628514934676,1.8027120937243917,10.493424212807238
lasso,2020-11-07,B089DDS3NW,Indigo Navy Blue,King,34.0,14.144996048995065,7.552868376659366,25.818009493753635
lasso,2020-11-07,B089DFCGZL,Indigo Navy Blue,Queen,48.0,19.84374299035676,11.129203462613013,34.819468540306744
lasso,2020-11-07,B089DFJM8R,Indigo Navy Blue,Oversized King,40.0,7.498969283439349,3.4134145891201535,15.366574547270353
lasso,2020-11-07,B089DFSS2H,Indigo Navy Blue,Oversized King,18.0,7.498969283439349,3.4134145891201535,15.366574547270353
elasticnet,2020-11-07,B089DDS3NW,Indigo Navy Blue,King,34.0,12.739369864861954,6.930794090643299,22.802192078872253
elasticnet,2020-11-07,B089DFCGZL,Indigo Navy Blue,Queen,48.0,19.329461623949932,11.232882312054707,32.78492487517726
elasticnet,2020-11-07,B089DFJM8R,Indigo Navy Blue,Oversized King,40.0,6.256749813602396,2.750805548743209,13.039762171852246
elasticnet,2020-11-07,B089DFSS2H,Indigo Navy Blue,Oversized King,18.0,6.829562987820517,3.115839486875742,13.894180585934896
poisson_glm,2020-11-07,B089DDS3NW,Indigo Navy Blue,King,34.0,11.937155499476198,4.712250870541729,28.30018239933402
poisson_glm,2020-11-07,B089DFCGZL,Indigo Navy Blue,Queen,48.0,11.937155499476198,4.712250870541729,28.30018239933402
poisson_glm,2020-11-07,B089DFJM8R,Indigo Navy Blue,Oversized King,40.0,11.937155499476198,4.712250870541729,28.30018239933402
poisson_glm,2020-11-07,B089DFSS2H,Indigo Navy Blue,Oversized King,18.0,11.937155499476198,4.712250870541729,28.30018239933402
negbin_glm,2020-11-07,B089DDS3NW,Indigo Navy Blue,King,34.0,13.017128795108343,2.4265333148761545,23.60772427534053
negbin_glm,2020-11-07,B089DFCGZL,Indigo Navy Blue,Queen,48.0,13.017128795108343,2.4265333148761545,23.60772427534053
negbin_glm,2020-11-07,B089DFJM8R,Indigo Navy Blue,Oversized King,40.0,13.017128795108343,2.4265333148761545,23.60772427534053
negbin_glm,2020-11-07,B089DFSS2H,Indigo Navy Blue,Oversized King,18.0,13.017128795108343,2.4265333148761545,23.60772427534053
random_forest,2020-11-07,B089DDS3NW,Indigo Navy Blue,King,34.0,25.117581615511973,7.944215450334337,69.99631063242542
random_forest,2020-11-07,B089DFCGZL,Indigo Navy Blue,Queen,48.0,32.62820414979748,8.164983013544894,90.02403981987733
random_forest,2020-11-07,B089DFJM8R,Indigo Navy Blue,Oversized King,40.0,19.47098210284098,7.620132353045565,41.264880788118745
random_forest,2020-11-07,B089DFSS2H,Indigo Navy Blue,Oversized King,18.0,18.86941661042975,7.415446002985532,39.84807532501009
xgboost,2020-11-07,B089DDS3NW,Indigo Navy Blue,King,34.0,17.62574577331543,10.051490783691406,67.08055877685547
xgboost,2020-11-07,B089DFCGZL,Indigo Navy Blue,Queen,48.0,23.263158798217773,18.439970016479492,42.225013732910156
xgboost,2020-11-07,B089DFJM8R,Indigo Navy Blue,Oversized King,40.0,12.889363288879395,8.84134578704834,85.65756225585938
xgboost,2020-11-07,B089DFSS2H,Indigo Navy Blue,Oversized King,18.0,13.014815330505371,8.756929397583008,81.9840087890625
lightgbm,2020-11-07,B089DDS3NW,Indigo Navy Blue,King,34.0,13.676812143326446,9.912369303801965,33.067896225553945
lightgbm,2020-11-07,B089DFCGZL,Indigo Navy Blue,Queen,48.0,27.40558430809445,14.000744783040126,44.03891081323327
lightgbm,2020-11-07,B089DFJM8R,Indigo Navy Blue,Oversized King,40.0,11.919110196980382,6.8842545614337585,22.437248585657194
lightgbm,2020-11-07,B089DFSS2H,Indigo Navy Blue,Oversized King,18.0,11.79539539940346,5.772961334225919,21.173402233374517
gompertz,2020-11-07,B089DDS3NW,Indigo Navy Blue,King,34.0,8.423227486200814,4.135242211919848,16.29172891798088
gompertz,2020-11-07,B089DFCGZL,Indigo Navy Blue,Queen,48.0,18.313600192091467,10.562624199001439,31.26042340908819
gompertz,2020-11-07,B089DFJM8R,Indigo Navy Blue,Oversized King,40.0,0.0,0.0,2.84816015638618
gompertz,2020-11-07,B089DFSS2H,Indigo Navy Blue,Oversized King,18.0,0.0,0.0,2.84816015638618
logistic,2020-11-07,B089DDS3NW,Indigo Navy Blue,King,34.0,8.320570603429188,4.107251712153533,16.009742473976736
logistic,2020-11-07,B089DFCGZL,Indigo Navy Blue,Queen,48.0,17.196797548759015,9.928306452526375,29.299611606698118
logistic,2020-11-07,B089DFJM8R,Indigo Navy Blue,Oversized King,40.0,0.0,0.0,2.8352600262590304
logistic,2020-11-07,B089DFSS2H,Indigo Navy Blue,Oversized King,18.0,0.3499187835060121,0.0,4.177289549076826
bass,2020-11-07,B089DDS3NW,Indigo Navy Blue,King,34.0,8.329910000987123,4.124391429254343,15.986840647960792
bass,2020-11-07,B089DFCGZL,Indigo Navy Blue,Queen,48.0,16.871815301750097,9.74113536623354,28.736314764634567
bass,2020-11-07,B089DFJM8R,Indigo Navy Blue,Oversized King,40.0,0.07941231847224528,0.0,3.1358252356809144
bass,2020-11-07,B089DFSS2H,Indigo Navy Blue,Oversized King,18.0,0.8316246943637395,0.0,6.017966632035131
hier_bayes,2020-11-07,B089DDS3NW,Indigo Navy Blue,King,34.0,41.233115193519886,9.0,85.0
hier_bayes,2020-11-07,B089DFCGZL,Indigo Navy Blue,Queen,48.0,36.49926050170091,8.0,72.0
hier_bayes,2020-11-07,B089DFJM8R,Indigo Navy Blue,Oversized King,40.0,34.80237019850516,6.0,73.0
hier_bayes,2020-11-07,B089DFSS2H,Indigo Navy Blue,Oversized King,18.0,26.778126419984858,5.0,55.0
knn_lookalike,2020-11-07,B089DDS3NW,Indigo Navy Blue,King,34.0,35.910844539728245,13.663275761643606,72.11277792258691
knn_lookalike,2020-11-07,B089DFCGZL,Indigo Navy Blue,Queen,48.0,36.55978203038368,13.687672987794013,96.49394369577168
knn_lookalike,2020-11-07,B089DFJM8R,Indigo Navy Blue,Oversized King,40.0,21.997734751735216,12.27389758299597,31.54350402834005
knn_lookalike,2020-11-07,B089DFSS2H,Indigo Navy Blue,Oversized King,18.0,23.611718975823344,12.389587811669854,40.03241568285647
matrix_factorisation,2020-11-07,B089DDS3NW,Indigo Navy Blue,King,34.0,24.65222400347127,16.326879307933446,36.97779072789946
matrix_factorisation,2020-11-07,B089DFCGZL,Indigo Navy Blue,Queen,48.0,13.733095868722806,8.348359817058283,22.219486425938843
matrix_factorisation,2020-11-07,B089DFJM8R,Indigo Navy Blue,Oversized King,40.0,17.351486652508566,10.97844905328971,27.115247713535094
matrix_factorisation,2020-11-07,B089DFSS2H,Indigo Navy Blue,Oversized King,18.0,17.351486652508566,10.97844905328971,27.115247713535094
cluster_pool,2020-11-07,B089DDS3NW,Indigo Navy Blue,King,34.0,26.0,12.51684494575903,52.93270418691361
cluster_pool,2020-11-07,B089DFCGZL,Indigo Navy Blue,Queen,48.0,10.0,4.136888300120911,22.555116041194033
cluster_pool,2020-11-07,B089DFJM8R,Indigo Navy Blue,Oversized King,40.0,18.0,8.323500690108489,37.71936217937891
cluster_pool,2020-11-07,B089DFSS2H,Indigo Navy Blue,Oversized King,18.0,18.0,8.323500690108489,37.71936217937891
ensemble,2020-11-07,B089DDS3NW,Indigo Navy Blue,King,34.0,16.947583472962165,4.01612989645978,44.1315895129682
ensemble,2020-11-07,B089DFCGZL,Indigo Navy Blue,Queen,48.0,27.881405541179788,7.083931012591937,57.12234614298941
ensemble,2020-11-07,B089DFJM8R,Indigo Navy Blue,Oversized King,40.0,13.141022488117565,3.0809902922608003,27.462224194939427
ensemble,2020-11-07,B089DFSS2H,Indigo Navy Blue,Oversized King,18.0,13.298957468871233,2.0056727809484673,28.067844895883628
heuristic,2022-03-04,B09P8LYKWJ,Textured - Natural Linen Look Slub,Queen,85.0,29.233226837060702,7.5371582333304525,106.0670098877371
heuristic,2022-03-04,B09P8MJ4TK,Textured - Natural Linen Look Slub,Oversized King,81.0,7.3083067092651754,1.1984721903276978,30.398150351372696
heuristic,2022-03-04,B09P8N2DN6,Textured - Natural Linen Look Slub,King,173.0,22.217252396166135,5.51030247481734,81.7981205039795
naive_family,2022-03-04,B09P8LYKWJ,Textured - Natural Linen Look Slub,Queen,85.0,71.76470588235294,9.015650414025636,527.6428941979425
naive_family,2022-03-04,B09P8MJ4TK,Textured - Natural Linen Look Slub,Oversized King,81.0,43.14634146341463,5.053302841961478,320.95637910177516
naive_family,2022-03-04,B09P8N2DN6,Textured - Natural Linen Look Slub,King,173.0,83.33802816901408,10.617961347681366,611.2333155168358
size_ratio,2022-03-04,B09P8LYKWJ,Textured - Natural Linen Look Slub,Queen,85.0,65.35714285714286,15.323314177048367,268.7534557261999
size_ratio,2022-03-04,B09P8MJ4TK,Textured - Natural Linen Look Slub,Oversized King,81.0,25.93537414965986,5.5366854145066515,109.99117283081334
size_ratio,2022-03-04,B09P8N2DN6,Textured - Natural Linen Look Slub,King,173.0,35.79081632653061,7.98367649126105,149.6692908286716
ridge,2022-03-04,B09P8LYKWJ,Textured - Natural Linen Look Slub,Queen,85.0,13.657584711994483,7.293649875201258,24.904733479490034
ridge,2022-03-04,B09P8MJ4TK,Textured - Natural Linen Look Slub,Oversized King,81.0,4.491028805079714,1.5812955094852619,10.680722810472657
ridge,2022-03-04,B09P8N2DN6,Textured - Natural Linen Look Slub,King,173.0,8.685845740896307,4.17409114318932,17.13180423772183
lasso,2022-03-04,B09P8LYKWJ,Textured - Natural Linen Look Slub,Queen,85.0,24.788161703487518,13.260880551741087,45.63311508937839
lasso,2022-03-04,B09P8MJ4TK,Textured - Natural Linen Look Slub,Oversized King,81.0,11.461099361894814,5.477979857493557,22.970280970755514
lasso,2022-03-04,B09P8N2DN6,Textured - Natural Linen Look Slub,King,173.0,18.490811062200002,9.578225917799838,34.91261132201189
elasticnet,2022-03-04,B09P8LYKWJ,Textured - Natural Linen Look Slub,Queen,85.0,27.197605539269333,15.186187968402864,48.12243449170125
elasticnet,2022-03-04,B09P8MJ4TK,Textured - Natural Linen Look Slub,Oversized King,81.0,11.265079843177542,5.549835969980195,21.96732074650335
elasticnet,2022-03-04,B09P8N2DN6,Textured - Natural Linen Look Slub,King,173.0,19.642141201149613,10.608194377619672,35.706655618181706
poisson_glm,2022-03-04,B09P8LYKWJ,Textured - Natural Linen Look Slub,Queen,85.0,40.11555562657998,17.89277583966538,88.47805917080814
poisson_glm,2022-03-04,B09P8MJ4TK,Textured - Natural Linen Look Slub,Oversized King,81.0,40.11555562657998,17.89277583966538,88.47805917080814
poisson_glm,2022-03-04,B09P8N2DN6,Textured - Natural Linen Look Slub,King,173.0,40.11555562657998,17.89277583966538,88.47805917080814
negbin_glm,2022-03-04,B09P8LYKWJ,Textured - Natural Linen Look Slub,Queen,85.0,36.51417299893212,8.395398243582221,64.63294775428201
negbin_glm,2022-03-04,B09P8MJ4TK,Textured - Natural Linen Look Slub,Oversized King,81.0,36.51417299893212,8.395398243582221,64.63294775428201
negbin_glm,2022-03-04,B09P8N2DN6,Textured - Natural Linen Look Slub,King,173.0,36.51417299893212,8.395398243582221,64.63294775428201
random_forest,2022-03-04,B09P8LYKWJ,Textured - Natural Linen Look Slub,Queen,85.0,22.851304316767926,2.630820406437049,91.18053771794989
random_forest,2022-03-04,B09P8MJ4TK,Textured - Natural Linen Look Slub,Oversized King,81.0,14.24307673023026,1.6958695786316837,48.9211904776905
random_forest,2022-03-04,B09P8N2DN6,Textured - Natural Linen Look Slub,King,173.0,19.910303107107215,2.5811913515717286,75.31406832693226
xgboost,2022-03-04,B09P8LYKWJ,Textured - Natural Linen Look Slub,Queen,85.0,10.37101936340332,7.1506123542785645,33.17285919189453
xgboost,2022-03-04,B09P8MJ4TK,Textured - Natural Linen Look Slub,Oversized King,81.0,6.947406768798828,4.3116135597229,32.05371856689453
xgboost,2022-03-04,B09P8N2DN6,Textured - Natural Linen Look Slub,King,173.0,16.342458724975586,12.299878120422363,30.711233139038086
lightgbm,2022-03-04,B09P8LYKWJ,Textured - Natural Linen Look Slub,Queen,85.0,10.90788654181944,7.299084802479756,50.26495501095378
lightgbm,2022-03-04,B09P8MJ4TK,Textured - Natural Linen Look Slub,Oversized King,81.0,7.887372014912203,4.347783270192908,39.7060757727256
lightgbm,2022-03-04,B09P8N2DN6,Textured - Natural Linen Look Slub,King,173.0,10.634440902921066,7.373391853470711,42.27501905477912
gompertz,2022-03-04,B09P8LYKWJ,Textured - Natural Linen Look Slub,Queen,85.0,14.593002780007158,7.5875912654957895,27.313147212098198
gompertz,2022-03-04,B09P8MJ4TK,Textured - Natural Linen Look Slub,Oversized King,81.0,0.0,0.0,2.9480839979519953
gompertz,2022-03-04,B09P8N2DN6,Textured - Natural Linen Look Slub,King,173.0,5.624005400824522,2.1868988650918313,12.76807028009912
logistic,2022-03-04,B09P8LYKWJ,Textured - Natural Linen Look Slub,Queen,85.0,14.136484055207642,7.3815785248554535,26.335322203821566
logistic,2022-03-04,B09P8MJ4TK,Textured - Natural Linen Look Slub,Oversized King,81.0,0.0,0.0,2.9335924291431477
logistic,2022-03-04,B09P8N2DN6,Textured - Natural Linen Look Slub,King,173.0,6.2742801413099745,2.5995576104480738,13.700459695565135
bass,2022-03-04,B09P8LYKWJ,Textured - Natural Linen Look Slub,Queen,85.0,14.005171996038568,7.324275740683925,26.048021190634085
bass,2022-03-04,B09P8MJ4TK,Textured - Natural Linen Look Slub,Oversized King,81.0,0.13435354123418522,0.0,3.456748260185045
bass,2022-03-04,B09P8N2DN6,Textured - Natural Linen Look Slub,King,173.0,6.498282200819751,2.7431845534222146,14.020428504313841
hier_bayes,2022-03-04,B09P8LYKWJ,Textured - Natural Linen Look Slub,Queen,85.0,49.0751621475921,13.0,97.0
hier_bayes,2022-03-04,B09P8MJ4TK,Textured - Natural Linen Look Slub,Oversized King,81.0,17.965570567888197,4.0,36.0
hier_bayes,2022-03-04,B09P8N2DN6,Textured - Natural Linen Look Slub,King,173.0,24.78241601181812,5.0,49.0
knn_lookalike,2022-03-04,B09P8LYKWJ,Textured - Natural Linen Look Slub,Queen,85.0,87.66776359460823,60.558813552124846,126.61816710378935
knn_lookalike,2022-03-04,B09P8MJ4TK,Textured - Natural Linen Look Slub,Oversized King,81.0,29.605645220807492,10.447537525802861,74.1050117878704
knn_lookalike,2022-03-04,B09P8N2DN6,Textured - Natural Linen Look Slub,King,173.0,61.28717160362757,16.22410001589127,176.60354502749604
matrix_factorisation,2022-03-04,B09P8LYKWJ,Textured - Natural Linen Look Slub,Queen,85.0,42.360469036444705,25.980196515916884,68.6855663727765
matrix_factorisation,2022-03-04,B09P8MJ4TK,Textured - Natural Linen Look Slub,Oversized King,81.0,23.558475524904914,13.806248408635849,39.73406736547664
matrix_factorisation,2022-03-04,B09P8N2DN6,Textured - Natural Linen Look Slub,King,173.0,23.939856883900024,14.052711730380263,40.321223214157875
cluster_pool,2022-03-04,B09P8LYKWJ,Textured - Natural Linen Look Slub,Queen,85.0,60.5,21.67244582926522,165.82143728480924
cluster_pool,2022-03-04,B09P8MJ4TK,Textured - Natural Linen Look Slub,Oversized King,81.0,11.5,3.3556454946295986,34.872983738610586
cluster_pool,2022-03-04,B09P8N2DN6,Textured - Natural Linen Look Slub,King,173.0,17.0,5.412593213961541,49.52558133495585
ensemble,2022-03-04,B09P8LYKWJ,Textured - Natural Linen Look Slub,Queen,85.0,16.97031732791487,0.47875443648111915,60.746545905890116
ensemble,2022-03-04,B09P8MJ4TK,Textured - Natural Linen Look Slub,Oversized King,81.0,14.664926420687534,0.0,52.68294654449981
ensemble,2022-03-04,B09P8N2DN6,Textured - Natural Linen Look Slub,King,173.0,16.761611465413104,0.5380070435490527,54.64573357764399
heuristic,2022-09-27,B0B7SB12KQ,Stripe - Charcoal Gray,Queen,50.0,27.77641196013289,6.976088861181468,102.8205440926618
heuristic,2022-09-27,B0B7SB3KKW,Stripe - Charcoal Gray,King,36.0,21.47403986710964,5.187356577469006,80.63138193581241
heuristic,2022-09-27,B0B7SDK5NS,Stripe - White,King,49.0,22.201973421926912,5.393979949320623,83.19350309801986
naive_family,2022-09-27,B0B7SB12KQ,Stripe - Charcoal Gray,Queen,50.0,21.627118644067796,2.1526327227903614,161.39966502649474
naive_family,2022-09-27,B0B7SB3KKW,Stripe - Charcoal Gray,King,36.0,12.515151515151516,0.8569253042875713,97.36654175359062
naive_family,2022-09-27,B0B7SDK5NS,Stripe - White,King,49.0,219.85416666666666,30.313211804885384,1556.6991347281037
size_ratio,2022-09-27,B0B7SB12KQ,Stripe - Charcoal Gray,Queen,50.0,16.703999999999997,3.119843159054321,75.07853112348718
size_ratio,2022-09-27,B0B7SB3KKW,Stripe - Charcoal Gray,King,36.0,9.292499999999997,1.3321443691073707,44.424098805061035
size_ratio,2022-09-27,B0B7SDK5NS,Stripe - White,King,49.0,102.3741143724696,23.751267665770207,430.74384708670635
ridge,2022-09-27,B0B7SB12KQ,Stripe - Charcoal Gray,Queen,50.0,0.4000319627856306,0.0,4.496645022835254
ridge,2022-09-27,B0B7SB3KKW,Stripe - Charcoal Gray,King,36.0,0.01142192853075674,0.0,2.9709288482124916
ridge,2022-09-27,B0B7SDK5NS,Stripe - White,King,49.0,21.362890996474963,11.87497119797466,37.84271941508426
lasso,2022-09-27,B0B7SB12KQ,Stripe - Charcoal Gray,Queen,50.0,1.1416922937624228,0.0,7.219576236181829
lasso,2022-09-27,B0B7SB3KKW,Stripe - Charcoal Gray,King,36.0,0.6735477590104861,0.0,5.914557751853172
lasso,2022-09-27,B0B7SDK5NS,Stripe - White,King,49.0,40.98785383297453,21.128877344288796,78.66874424175151
elasticnet,2022-09-27,B0B7SB12KQ,Stripe - Charcoal Gray,Queen,50.0,1.1678755369579354,0.0,6.95751179723
elasticnet,2022-09-27,B0B7SB3KKW,Stripe - Charcoal Gray,King,36.0,0.6437020216809177,0.0,5.587252951082589
elasticnet,2022-09-27,B0B7SDK5NS,Stripe - White,King,49.0,39.42413480555362,21.83440111026848,70.56354427192413
poisson_glm,2022-09-27,B0B7SB12KQ,Stripe - Charcoal Gray,Queen,50.0,0.23334808874686944,0.0,4.587644544128786
poisson_glm,2022-09-27,B0B7SB3KKW,Stripe - Charcoal Gray,King,36.0,0.23737133165629834,0.0,4.605871719001549
poisson_glm,2022-09-27,B0B7SDK5NS,Stripe - White,King,49.0,44.56723423256842,19.013755040317793,102.74728937287844
negbin_glm,2022-09-27,B0B7SB12KQ,Stripe - Charcoal Gray,Queen,50.0,0.26722139651245974,0.0,0.9634908262648203
negbin_glm,2022-09-27,B0B7SB3KKW,Stripe - Charcoal Gray,King,36.0,0.2718286619695713,0.0,0.9746474620117054
negbin_glm,2022-09-27,B0B7SDK5NS,Stripe - White,King,49.0,49.41879252948582,8.794473341874074,90.04311171709756
random_forest,2022-09-27,B0B7SB12KQ,Stripe - Charcoal Gray,Queen,50.0,39.25978686926503,13.338662471408492,102.33640998356854
random_forest,2022-09-27,B0B7SB3KKW,Stripe - Charcoal Gray,King,36.0,35.09635813292763,13.423166815445429,96.02493818846979
random_forest,2022-09-27,B0B7SDK5NS,Stripe - White,King,49.0,38.488383555569165,15.15340223009146,92.79728758149702
xgboost,2022-09-27,B0B7SB12KQ,Stripe - Charcoal Gray,Queen,50.0,14.863765716552734,3.1126301288604736,67.39561462402344
xgboost,2022-09-27,B0B7SB3KKW,Stripe - Charcoal Gray,King,36.0,16.98879051208496,3.0803723335266113,68.26338958740234
xgboost,2022-09-27,B0B7SDK5NS,Stripe - White,King,49.0,19.025684356689453,3.3338475227355957,83.01659393310547
lightgbm,2022-09-27,B0B7SB12KQ,Stripe - Charcoal Gray,Queen,50.0,12.296278859798015,8.789673826464774,68.3952413765796
lightgbm,2022-09-27,B0B7SB3KKW,Stripe - Charcoal Gray,King,36.0,12.594008282409481,8.537494313082563,73.26168946516837
lightgbm,2022-09-27,B0B7SDK5NS,Stripe - White,King,49.0,17.09440301669069,12.959865192859509,58.881679174172156
gompertz,2022-09-27,B0B7SB12KQ,Stripe - Charcoal Gray,Queen,50.0,1.2880293002185734,0.0,6.8933462631213995
gompertz,2022-09-27,B0B7SB3KKW,Stripe - Charcoal Gray,King,36.0,0.0,0.0,2.9696533685519024
gompertz,2022-09-27,B0B7SDK5NS,Stripe - White,King,49.0,17.171189467456625,9.023508662194141,31.941770969640455
logistic,2022-09-27,B0B7SB12KQ,Stripe - Charcoal Gray,Queen,50.0,1.3739328788695757,0.0,6.9016379916929855
logistic,2022-09-27,B0B7SB3KKW,Stripe - Charcoal Gray,King,36.0,0.0,0.0,2.9586160957087975
logistic,2022-09-27,B0B7SDK5NS,Stripe - White,King,49.0,18.248289169514756,9.738298146664313,33.50236069933931
bass,2022-09-27,B0B7SB12KQ,Stripe - Charcoal Gray,Queen,50.0,1.366287509286506,0.0,6.889925130964287
bass,2022-09-27,B0B7SB3KKW,Stripe - Charcoal Gray,King,36.0,0.0,0.0,2.9550256680459497
bass,2022-09-27,B0B7SDK5NS,Stripe - White,King,49.0,18.58819459658369,9.966893323126367,33.98687880409222
hier_bayes,2022-09-27,B0B7SB12KQ,Stripe - Charcoal Gray,Queen,50.0,17.258331827505188,1.0,40.0
hier_bayes,2022-09-27,B0B7SB3KKW,Stripe - Charcoal Gray,King,36.0,5.02401787246046,0.0,12.100000000000023
hier_bayes,2022-09-27,B0B7SDK5NS,Stripe - White,King,49.0,79.63035886602532,17.0,157.0
knn_lookalike,2022-09-27,B0B7SB12KQ,Stripe - Charcoal Gray,Queen,50.0,80.23933057417827,52.20081968666273,107.81052042802919
knn_lookalike,2022-09-27,B0B7SB3KKW,Stripe - Charcoal Gray,King,36.0,34.38724967473843,6.739102249709272,65.43839439495521
knn_lookalike,2022-09-27,B0B7SDK5NS,Stripe - White,King,49.0,51.211066516553586,22.882938673912275,81.377375138446
matrix_factorisation,2022-09-27,B0B7SB12KQ,Stripe - Charcoal Gray,Queen,50.0,43.68795797465789,27.14832005085422,69.94610208839754
matrix_factorisation,2022-09-27,B0B7SB3KKW,Stripe - Charcoal Gray,King,36.0,27.88954745207267,16.79242653322664,45.90793301447476
matrix_factorisation,2022-09-27,B0B7SDK5NS,Stripe - White,King,49.0,28.83495584027852,17.411393990249195,47.34639845645505
cluster_pool,2022-09-27,B0B7SB12KQ,Stripe - Charcoal Gray,Queen,50.0,71.78688524590163,23.230627938064448,217.64603250654574
cluster_pool,2022-09-27,B0B7SB3KKW,Stripe - Charcoal Gray,King,36.0,45.459016393442624,14.373494575290243,139.4001018555289
cluster_pool,2022-09-27,B0B7SDK5NS,Stripe - White,King,49.0,57.0,18.256136487517217,173.69755691546484
ensemble,2022-09-27,B0B7SB12KQ,Stripe - Charcoal Gray,Queen,50.0,12.075455289780766,0.0,74.68456706290044
ensemble,2022-09-27,B0B7SB3KKW,Stripe - Charcoal Gray,King,36.0,11.237585584322556,0.5101559631492165,68.78482687174898
ensemble,2022-09-27,B0B7SDK5NS,Stripe - White,King,49.0,22.810856437036666,1.1924950556119693,75.51601930577405
heuristic,2023-01-01,B0B7B9W8ZH,Textured - Cream Boho Tufted,Oversized King,43.0,8.21569400630915,1.4992025936986537,32.98244553365042
heuristic,2023-01-01,B0BJDKYW2W,Textured - Cream Boho Tufted,King,22.0,26.474252365930603,6.863710668332954,94.98961290711652
heuristic,2023-01-01,B0BJDMVDWF,Textured - White Seersucker,Queen,5.0,32.8627760252366,8.739166114587755,116.73981331089304
heuristic,2023-01-01,B0BJDMYTZG,Textured - Cream Boho Tufted,Queen,24.0,32.8627760252366,8.739166114587755,116.73981331089304
heuristic,2023-01-01,B0BJDNDPJH,Textured - White Seersucker,King,12.0,25.974738170347006,6.71705900888614,93.28935278593923
heuristic,2023-01-01,B0BJDPLCHT,Textured - White Seersucker,Oversized King,11.0,8.544321766561515,1.5959688233381066,34.09059013525585
heuristic,2023-01-01,B0BP769CCH,White/Blue,Queen,3.0,40.09258675078865,10.86138773039781,141.3611405555544
heuristic,2023-01-01,B0BP76HL54,White/Ivory,King,12.0,30.470365930599375,8.036861454207564,108.59379391002024
heuristic,2023-01-01,B0BP76K7VY,White/Ivory,Oversized King,5.0,10.023146687697162,2.031169561925928,39.08675872994869
heuristic,2023-01-01,B0BP76KJ65,White/Gray,King,4.0,30.470365930599375,8.036861454207564,108.59379391002024
heuristic,2023-01-01,B0BP76Z81S,White/Ivory,Queen,15.0,40.09258675078865,10.86138773039781,141.3611405555544
heuristic,2023-01-01,B0BP77GWF1,White/Gray,Queen,13.0,40.09258675078865,10.86138773039781,141.3611405555544
heuristic,2023-01-01,B0BP77N52P,White/Blue,King,7.0,30.470365930599375,8.036861454207564,108.59379391002024
heuristic,2023-01-01,B0BP77RMF9,White/Gray,Oversized King,6.0,10.023146687697162,2.031169561925928,39.08675872994869
heuristic,2023-01-01,B0BP79YY1H,White/Blue,Oversized King,2.0,10.023146687697162,2.031169561925928,39.08675872994869
naive_family,2023-01-01,B0B7B9W8ZH,Textured - Cream Boho Tufted,Oversized King,43.0,102.84810126582278,13.891792424294843,723.1860367945092
naive_family,2023-01-01,B0BJDKYW2W,Textured - Cream Boho Tufted,King,22.0,171.828025477707,23.824454631362887,1202.2299131674044
naive_family,2023-01-01,B0BJDMVDWF,Textured - White Seersucker,Queen,5.0,155.68685376661745,21.500243221677042,1090.1335447089225
naive_family,2023-01-01,B0BJDMYTZG,Textured - Cream Boho Tufted,Queen,24.0,131.0897435897436,17.95842637345816,919.3137442900331
naive_family,2023-01-01,B0BJDNDPJH,Textured - White Seersucker,King,12.0,180.5655172413793,25.082588086635354,1262.9097370870688
naive_family,2023-01-01,B0BJDPLCHT,Textured - White Seersucker,Oversized King,11.0,82.74922600619195,10.997634340136702,583.6096536858037
naive_family,2023-01-01,B0BP769CCH,White/Blue,Queen,3.0,189.93796159527326,26.432148778778156,1327.9992509213077
naive_family,2023-01-01,B0BP76HL54,White/Ivory,King,12.0,211.81724137931033,29.58259475638873,1479.9462241211008
naive_family,2023-01-01,B0BP76K7VY,White/Ivory,Oversized King,5.0,97.07120743034055,13.059946797355973,683.0681451691968
naive_family,2023-01-01,B0BP76KJ65,White/Gray,King,4.0,211.81724137931033,29.58259475638873,1479.9462241211008
naive_family,2023-01-01,B0BP76Z81S,White/Ivory,Queen,15.0,189.93796159527326,26.432148778778156,1327.9992509213077
naive_family,2023-01-01,B0BP77GWF1,White/Gray,Queen,13.0,189.93796159527326,26.432148778778156,1327.9992509213077
naive_family,2023-01-01,B0BP77N52P,White/Blue,King,7.0,211.81724137931033,29.58259475638873,1479.9462241211008
naive_family,2023-01-01,B0BP77RMF9,White/Gray,Oversized King,6.0,97.07120743034055,13.059946797355973,683.0681451691968
naive_family,2023-01-01,B0BP79YY1H,White/Blue,Oversized King,2.0,97.07120743034055,13.059946797355973,683.0681451691968
size_ratio,2023-01-01,B0B7B9W8ZH,Textured - Cream Boho Tufted,Oversized King,43.0,58.148907841232145,12.54523152345481,257.28966398635845
size_ratio,2023-01-01,B0BJDKYW2W,Textured - Cream Boho Tufted,King,22.0,92.45676346755911,20.47812573593525,405.65404166146953
size_ratio,2023-01-01,B0BJDMVDWF,Textured - White Seersucker,Queen,5.0,146.7088607594937,33.022251641573675,640.2834687345323
size_ratio,2023-01-01,B0BJDMYTZG,Textured - Cream Boho Tufted,Queen,24.0,131.95329087048833,29.610502792672413,576.4677297206671
size_ratio,2023-01-01,B0BJDNDPJH,Textured - White Seersucker,King,12.0,100.85612529500108,22.420238401288092,441.97884941855915
size_ratio,2023-01-01,B0BJDPLCHT,Textured - White Seersucker,Oversized King,11.0,67.23741686333406,14.646780584467443,296.59125431865414
size_ratio,2023-01-01,B0BP769CCH,White/Blue,Queen,3.0,178.9848101265823,40.48499250643793,779.8735139888153
size_ratio,2023-01-01,B0BP76HL54,White/Ivory,King,12.0,118.3119931345205,26.456381918810322,517.4715068367861
size_ratio,2023-01-01,B0BP76K7VY,White/Ivory,Oversized King,5.0,78.87466208968033,17.33762510751005,346.9164617302457
size_ratio,2023-01-01,B0BP76KJ65,White/Gray,King,4.0,118.3119931345205,26.456381918810322,517.4715068367861
size_ratio,2023-01-01,B0BP76Z81S,White/Ivory,Queen,15.0,178.9848101265823,40.48499250643793,779.8735139888153
size_ratio,2023-01-01,B0BP77GWF1,White/Gray,Queen,13.0,178.9848101265823,40.48499250643793,779.8735139888153
size_ratio,2023-01-01,B0BP77N52P,White/Blue,King,7.0,118.3119931345205,26.456381918810322,517.4715068367861
size_ratio,2023-01-01,B0BP77RMF9,White/Gray,Oversized King,6.0,78.87466208968033,17.33762510751005,346.9164617302457
size_ratio,2023-01-01,B0BP79YY1H,White/Blue,Oversized King,2.0,78.87466208968033,17.33762510751005,346.9164617302457
ridge,2023-01-01,B0B7B9W8ZH,Textured - Cream Boho Tufted,Oversized King,43.0,63.05147895832195,35.532386862415,111.30013445875234
ridge,2023-01-01,B0BJDKYW2W,Textured - Cream Boho Tufted,King,22.0,127.31224506766284,73.05531669885801,221.32073223390668
ridge,2023-01-01,B0BJDMVDWF,Textured - White Seersucker,Queen,5.0,26.366359561816754,14.126202343360696,48.51127974268834
ridge,2023-01-01,B0BJDMYTZG,Textured - Cream Boho Tufted,Queen,24.0,163.93481830648724,94.4425051664448,284.0249398038436
ridge,2023-01-01,B0BJDNDPJH,Textured - White Seersucker,King,12.0,20.064255977218316,10.454856578514244,37.73491360040478
ridge,2023-01-01,B0BJDPLCHT,Textured - White Seersucker,Oversized King,11.0,11.526610374351637,5.493522369433824,23.16499990967086
ridge,2023-01-01,B0BP769CCH,White/Blue,Queen,3.0,31.76153087519925,17.271840856743065,57.7416404127959
ridge,2023-01-01,B0BP76HL54,White/Ivory,King,12.0,22.797137869838597,12.046375745017018,42.406979981578594
ridge,2023-01-01,B0BP76K7VY,White/Ivory,Oversized King,5.0,13.151815969317822,6.43599303810866,25.933039636139632
ridge,2023-01-01,B0BP76KJ65,White/Gray,King,4.0,21.01372467932535,11.0076733128532,39.357866310237654
ridge,2023-01-01,B0BP76Z81S,White/Ivory,Queen,15.0,28.265819412673064,15.233470816756956,51.76063237265835
ridge,2023-01-01,B0BP77GWF1,White/Gray,Queen,13.0,26.549621946297506,14.233021624914434,48.8247614998827
ridge,2023-01-01,B0BP77N52P,White/Blue,King,7.0,19.011340563278406,9.841976637659643,35.9354929015927
ridge,2023-01-01,B0BP77RMF9,White/Gray,Oversized King,6.0,11.422886640096804,5.433421266168201,22.988497890581137
ridge,2023-01-01,B0BP79YY1H,White/Blue,Oversized King,2.0,10.694387421394836,5.011498536683096,21.7495184981174
lasso,2023-01-01,B0B7B9W8ZH,Textured - Cream Boho Tufted,Oversized King,43.0,40.841941150147626,18.824877097764958,87.31066294024069
lasso,2023-01-01,B0BJDKYW2W,Textured - Cream Boho Tufted,King,22.0,57.66593668137728,27.01648682239151,121.84524282154742
lasso,2023-01-01,B0BJDMVDWF,Textured - White Seersucker,Queen,5.0,60.54700660179717,28.419349386528367,127.7599522298162
lasso,2023-01-01,B0BJDMYTZG,Textured - Cream Boho Tufted,Queen,24.0,76.38561546354667,36.13174820158523,160.27798368556884
lasso,2023-01-01,B0BJDNDPJH,Textured - White Seersucker,King,12.0,45.65870744324837,21.17007116642163,97.19702264068225
lasso,2023-01-01,B0BJDPLCHT,Textured - White Seersucker,Oversized King,11.0,32.27809971884555,14.655612973261999,69.73705276112766
lasso,2023-01-01,B0BP769CCH,White/Blue,Queen,3.0,59.21870495925927,27.77256546573811,125.03298900435013
lasso,2023-01-01,B0BP76HL54,White/Ivory,King,12.0,44.65172365707423,20.679781749738943,95.13011315886362
lasso,2023-01-01,B0BP76K7VY,White/Ivory,Oversized King,5.0,31.559894935905046,14.3059840159137,68.26354797802848
lasso,2023-01-01,B0BP76KJ65,White/Gray,King,4.0,44.65172365707423,20.679781749738943,95.13011315886362
lasso,2023-01-01,B0BP76Z81S,White/Ivory,Queen,15.0,59.21870495925927,27.77256546573811,125.03298900435013
lasso,2023-01-01,B0BP77GWF1,White/Gray,Queen,13.0,59.21870495925927,27.77256546573811,125.03298900435013
lasso,2023-01-01,B0BP77N52P,White/Blue,King,7.0,44.65172365707423,20.679781749738943,95.13011315886362
lasso,2023-01-01,B0BP77RMF9,White/Gray,Oversized King,6.0,31.559894935905046,14.3059840159137,68.26354797802848
lasso,2023-01-01,B0BP79YY1H,White/Blue,Oversized King,2.0,31.559894935905046,14.3059840159137,68.26354797802848
elasticnet,2023-01-01,B0B7B9W8ZH,Textured - Cream Boho Tufted,Oversized King,43.0,52.524193906635126,27.194102562004925,100.61129715175986
elasticnet,2023-01-01,B0BJDKYW2W,Textured - Cream Boho Tufted,King,22.0,86.37566736332536,45.470961270985484,163.28554603524296
elasticnet,2023-01-01,B0BJDMVDWF,Textured - White Seersucker,Queen,5.0,47.64087310573055,24.557935963128763,91.57142438657822
elasticnet,2023-01-01,B0BJDMYTZG,Textured - Cream Boho Tufted,Queen,24.0,116.574762987156,61.777600331337794,219.2031428172515
elasticnet,2023-01-01,B0BJDNDPJH,Textured - White Seersucker,King,12.0,35.13276779618521,17.806760547689194,68.42061634178971
elasticnet,2023-01-01,B0BJDPLCHT,Textured - White Seersucker,Oversized King,11.0,22.990574295287626,11.256261944574373,45.95947733660344
elasticnet,2023-01-01,B0BP769CCH,White/Blue,Queen,3.0,46.359755965598765,23.866379999856786,89.19996015238188
elasticnet,2023-01-01,B0BP76HL54,White/Ivory,King,12.0,34.14804417490293,17.275360691683936,66.59839273011339
elasticnet,2023-01-01,B0BP76K7VY,White/Ivory,Oversized King,5.0,22.336760966346038,10.903718286433032,44.750781335364046
elasticnet,2023-01-01,B0BP76KJ65,White/Gray,King,4.0,33.23230403786688,16.78120541507982,64.90389191202628
elasticnet,2023-01-01,B0BP76Z81S,White/Ivory,Queen,15.0,45.12585432367191,23.200325082095656,86.91594451194707
elasticnet,2023-01-01,B0BP77GWF1,White/Gray,Queen,13.0,43.924100509175894,22.551637461225692,84.69148577805534
elasticnet,2023-01-01,B0BP77N52P,White/Blue,King,7.0,32.34042241183094,16.299942828334462,63.25360925347843
elasticnet,2023-01-01,B0BP77RMF9,White/Gray,Oversized King,6.0,21.728749647737356,10.575896585310364,43.626872462308754
elasticnet,2023-01-01,B0BP79YY1H,White/Blue,Oversized King,2.0,21.136579334831627,10.256640799143016,42.53236044314403
poisson_glm,2023-01-01,B0B7B9W8ZH,Textured - Cream Boho Tufted,Oversized King,43.0,85.72917066605602,31.530268542946068,230.22923299853773
poisson_glm,2023-01-01,B0BJDKYW2W,Textured - Cream Boho Tufted,King,22.0,90.8729209060194,33.478645243071654,243.8075768725223
poisson_glm,2023-01-01,B0BJDMVDWF,Textured - White Seersucker,Queen,5.0,37.0229903657264,13.080673578296041,101.67603948866483
poisson_glm,2023-01-01,B0BJDMYTZG,Textured - Cream Boho Tufted,Queen,24.0,85.72917066605602,31.530268542946068,230.22923299853773
poisson_glm,2023-01-01,B0BJDNDPJH,Textured - White Seersucker,King,12.0,38.503909980355466,13.641662577898357,105.58344948419298
poisson_glm,2023-01-01,B0BJDPLCHT,Textured - White Seersucker,Oversized King,11.0,38.503909980355466,13.641662577898357,105.58344948419298
poisson_glm,2023-01-01,B0BP769CCH,White/Blue,Queen,3.0,45.16804824618622,16.16607484160024,123.1686698054428
poisson_glm,2023-01-01,B0BP76HL54,White/Ivory,King,12.0,45.16804824618622,16.16607484160024,123.1686698054428
poisson_glm,2023-01-01,B0BP76K7VY,White/Ivory,Oversized King,5.0,45.16804824618622,16.16607484160024,123.1686698054428
poisson_glm,2023-01-01,B0BP76KJ65,White/Gray,King,4.0,45.16804824618622,16.16607484160024,123.1686698054428
poisson_glm,2023-01-01,B0BP76Z81S,White/Ivory,Queen,15.0,45.16804824618622,16.16607484160024,123.1686698054428
poisson_glm,2023-01-01,B0BP77GWF1,White/Gray,Queen,13.0,45.16804824618622,16.16607484160024,123.1686698054428
poisson_glm,2023-01-01,B0BP77N52P,White/Blue,King,7.0,45.16804824618622,16.16607484160024,123.1686698054428
poisson_glm,2023-01-01,B0BP77RMF9,White/Gray,Oversized King,6.0,45.16804824618622,16.16607484160024,123.1686698054428
poisson_glm,2023-01-01,B0BP79YY1H,White/Blue,Oversized King,2.0,45.16804824618622,16.16607484160024,123.1686698054428
negbin_glm,2023-01-01,B0B7B9W8ZH,Textured - Cream Boho Tufted,Oversized King,43.0,59.0598278998501,10.98938230235418,107.13027349734602
negbin_glm,2023-01-01,B0BJDKYW2W,Textured - Cream Boho Tufted,King,22.0,62.60341757384112,11.709320949520759,113.49751419816148
negbin_glm,2023-01-01,B0BJDMVDWF,Textured - White Seersucker,Queen,5.0,40.21901372931022,7.163318950302369,73.27470850831807
negbin_glm,2023-01-01,B0BJDMYTZG,Textured - Cream Boho Tufted,Queen,24.0,59.0598278998501,10.98938230235418,107.13027349734602
negbin_glm,2023-01-01,B0BJDNDPJH,Textured - White Seersucker,King,12.0,41.82777427848264,7.4898436786392395,76.16570487832604
negbin_glm,2023-01-01,B0BJDPLCHT,Textured - White Seersucker,Oversized King,11.0,41.82777427848264,7.4898436786392395,76.16570487832604
negbin_glm,2023-01-01,B0BP769CCH,White/Blue,Queen,3.0,49.06719674975848,8.959679448404508,89.17471405111246
negbin_glm,2023-01-01,B0BP76HL54,White/Ivory,King,12.0,49.06719674975848,8.959679448404508,89.17471405111246
negbin_glm,2023-01-01,B0BP76K7VY,White/Ivory,Oversized King,5.0,49.06719674975848,8.959679448404508,89.17471405111246
negbin_glm,2023-01-01,B0BP76KJ65,White/Gray,King,4.0,49.06719674975848,8.959679448404508,89.17471405111246
negbin_glm,2023-01-01,B0BP76Z81S,White/Ivory,Queen,15.0,49.06719674975848,8.959679448404508,89.17471405111246
negbin_glm,2023-01-01,B0BP77GWF1,White/Gray,Queen,13.0,49.06719674975848,8.959679448404508,89.17471405111246
negbin_glm,2023-01-01,B0BP77N52P,White/Blue,King,7.0,49.06719674975848,8.959679448404508,89.17471405111246
negbin_glm,2023-01-01,B0BP77RMF9,White/Gray,Oversized King,6.0,49.06719674975848,8.959679448404508,89.17471405111246
negbin_glm,2023-01-01,B0BP79YY1H,White/Blue,Oversized King,2.0,49.06719674975848,8.959679448404508,89.17471405111246
random_forest,2023-01-01,B0B7B9W8ZH,Textured - Cream Boho Tufted,Oversized King,43.0,23.586590365247233,6.373198216353075,119.64289762863383
random_forest,2023-01-01,B0BJDKYW2W,Textured - Cream Boho Tufted,King,22.0,32.82802418843685,10.087293962480814,141.79936843230064
random_forest,2023-01-01,B0BJDMVDWF,Textured - White Seersucker,Queen,5.0,48.75508991826381,24.414727588047647,138.7033977646297
random_forest,2023-01-01,B0BJDMYTZG,Textured - Cream Boho Tufted,Queen,24.0,35.612947331790494,9.203380335029804,133.7242858804943
random_forest,2023-01-01,B0BJDNDPJH,Textured - White Seersucker,King,12.0,55.250908838218024,25.950033659961818,151.01568785744666
random_forest,2023-01-01,B0BJDPLCHT,Textured - White Seersucker,Oversized King,11.0,43.73451082301852,17.982162399051735,117.23884502961899
random_forest,2023-01-01,B0BP769CCH,White/Blue,Queen,3.0,48.777148318816316,24.41565047185329,136.63872226220187
random_forest,2023-01-01,B0BP76HL54,White/Ivory,King,12.0,55.05815462732922,27.485794117019854,148.21873889875806
random_forest,2023-01-01,B0BP76K7VY,White/Ivory,Oversized King,5.0,43.441874258779,19.030713618564725,101.17816119649332
random_forest,2023-01-01,B0BP76KJ65,White/Gray,King,4.0,55.05815462732922,27.485794117019854,148.21873889875806
random_forest,2023-01-01,B0BP76Z81S,White/Ivory,Queen,15.0,48.777148318816316,24.41565047185329,136.63872226220187
random_forest,2023-01-01,B0BP77GWF1,White/Gray,Queen,13.0,48.777148318816316,24.41565047185329,136.63872226220187
random_forest,2023-01-01,B0BP77N52P,White/Blue,King,7.0,55.05815462732922,27.485794117019854,148.21873889875806
random_forest,2023-01-01,B0BP77RMF9,White/Gray,Oversized King,6.0,43.26984358330251,19.02395400858428,101.20463063744242
random_forest,2023-01-01,B0BP79YY1H,White/Blue,Oversized King,2.0,43.26193643857673,19.02364234389951,101.2058510614008
xgboost,2023-01-01,B0B7B9W8ZH,Textured - Cream Boho Tufted,Oversized King,43.0,17.195175170898438,13.048468589782715,93.84986114501953
xgboost,2023-01-01,B0BJDKYW2W,Textured - Cream Boho Tufted,King,22.0,32.905521392822266,17.59323501586914,110.54183959960938
xgboost,2023-01-01,B0BJDMVDWF,Textured - White Seersucker,Queen,5.0,55.106048583984375,25.19188690185547,64.94428253173828
xgboost,2023-01-01,B0BJDMYTZG,Textured - Cream Boho Tufted,Queen,24.0,40.22028350830078,22.654247283935547,93.42951202392578
xgboost,2023-01-01,B0BJDNDPJH,Textured - White Seersucker,King,12.0,70.27677917480469,25.737525939941406,78.65990447998047
xgboost,2023-01-01,B0BJDPLCHT,Textured - White Seersucker,Oversized King,11.0,42.98375701904297,25.048389434814453,59.437232971191406
xgboost,2023-01-01,B0BP769CCH,White/Blue,Queen,3.0,55.497039794921875,25.07143783569336,65.01055908203125
xgboost,2023-01-01,B0BP76HL54,White/Ivory,King,12.0,70.77342224121094,25.61260414123535,79.18611907958984
xgboost,2023-01-01,B0BP76K7VY,White/Ivory,Oversized King,5.0,46.6371955871582,25.094226837158203,61.257057189941406
xgboost,2023-01-01,B0BP76KJ65,White/Gray,King,4.0,70.77342224121094,25.61260414123535,79.18611907958984
xgboost,2023-01-01,B0BP76Z81S,White/Ivory,Queen,15.0,55.497039794921875,25.07143783569336,65.01055908203125
xgboost,2023-01-01,B0BP77GWF1,White/Gray,Queen,13.0,55.497039794921875,25.07143783569336,65.01055908203125
xgboost,2023-01-01,B0BP77N52P,White/Blue,King,7.0,70.77342224121094,25.61260414123535,79.18611907958984
xgboost,2023-01-01,B0BP77RMF9,White/Gray,Oversized King,6.0,43.29022979736328,24.930908203125,59.494964599609375
xgboost,2023-01-01,B0BP79YY1H,White/Blue,Oversized King,2.0,43.29022979736328,24.930908203125,59.494964599609375
lightgbm,2023-01-01,B0B7B9W8ZH,Textured - Cream Boho Tufted,Oversized King,43.0,42.998358579767235,21.090671446817677,66.4519947373957
lightgbm,2023-01-01,B0BJDKYW2W,Textured - Cream Boho Tufted,King,22.0,75.75710424819378,48.070786808777406,113.69007523563921
lightgbm,2023-01-01,B0BJDMVDWF,Textured - White Seersucker,Queen,5.0,70.88205887817861,44.97844808728657,79.30120722454825
lightgbm,2023-01-01,B0BJDMYTZG,Textured - Cream Boho Tufted,Queen,24.0,65.95200609854017,46.60685107886106,90.12343866977832
lightgbm,2023-01-01,B0BJDNDPJH,Textured - White Seersucker,King,12.0,81.30127171042541,47.50775783306992,90.31799349333662
lightgbm,2023-01-01,B0BJDPLCHT,Textured - White Seersucker,Oversized King,11.0,55.16043766031556,36.43061441561169,62.58744497553449
lightgbm,2023-01-01,B0BP769CCH,White/Blue,Queen,3.0,71.73582104382677,44.330675822302204,80.52101237881104
lightgbm,2023-01-01,B0BP76HL54,White/Ivory,King,12.0,82.27878561400145,46.821313345865974,91.34955105105259
lightgbm,2023-01-01,B0BP76K7VY,White/Ivory,Oversized King,5.0,55.23760216721865,35.878725266370964,62.66980252560638
lightgbm,2023-01-01,B0BP76KJ65,White/Gray,King,4.0,82.27878561400145,46.821313345865974,91.34955105105259
lightgbm,2023-01-01,B0BP76Z81S,White/Ivory,Queen,15.0,71.73582104382677,44.330675822302204,80.52101237881104
lightgbm,2023-01-01,B0BP77GWF1,White/Gray,Queen,13.0,71.73582104382677,44.330675822302204,80.52101237881104
lightgbm,2023-01-01,B0BP77N52P,White/Blue,King,7.0,82.27878561400145,46.821313345865974,91.34955105105259
lightgbm,2023-01-01,B0BP77RMF9,White/Gray,Oversized King,6.0,55.23760216721865,35.878725266370964,62.66980252560638
lightgbm,2023-01-01,B0BP79YY1H,White/Blue,Oversized King,2.0,55.23760216721865,35.878725266370964,62.66980252560638
gompertz,2023-01-01,B0B7B9W8ZH,Textured - Cream Boho Tufted,Oversized King,43.0,43.585774825823414,22.41249953994958,83.90726560088214
gompertz,2023-01-01,B0BJDKYW2W,Textured - Cream Boho Tufted,King,22.0,85.21092716297048,44.929306981271516,160.8209472511673
gompertz,2023-01-01,B0BJDMVDWF,Textured - White Seersucker,Queen,5.0,23.378981476765883,11.488044122283831,46.59229964474222
gompertz,2023-01-01,B0BJDMYTZG,Textured - Cream Boho Tufted,Queen,24.0,92.8652056900146,49.07035188307202,174.96594607132172
gompertz,2023-01-01,B0BJDNDPJH,Textured - White Seersucker,King,12.0,18.792341512763354,9.010648845459615,38.132007186080656
gompertz,2023-01-01,B0BJDPLCHT,Textured - White Seersucker,Oversized King,11.0,9.145040528178889,3.8103286083685464,20.396011727626814
gompertz,2023-01-01,B0BP769CCH,White/Blue,Queen,3.0,45.23355320359826,23.303671856581335,86.95137847662775
gompertz,2023-01-01,B0BP76HL54,White/Ivory,King,12.0,32.88686067536602,16.62706672180071,64.14523060217705
gompertz,2023-01-01,B0BP76K7VY,White/Ivory,Oversized King,5.0,17.506868931733475,8.316667003164364,35.76252435984153
gompertz,2023-01-01,B0BP76KJ65,White/Gray,King,4.0,30.513274800167462,15.34385145782187,59.762084823990286
gompertz,2023-01-01,B0BP76Z81S,White/Ivory,Queen,15.0,41.07823891493616,21.056399431754755,79.27503290647395
gompertz,2023-01-01,B0BP77GWF1,White/Gray,Queen,13.0,38.90401975033095,19.880624524634957,75.25877235406305
gompertz,2023-01-01,B0BP77N52P,White/Blue,King,7.0,27.779271732717838,13.865990498377293,54.714180737302335
gompertz,2023-01-01,B0BP77RMF9,White/Gray,Oversized King,6.0,14.814382663986066,6.863808438999809,30.80325423527133
gompertz,2023-01-01,B0BP79YY1H,White/Blue,Oversized King,2.0,13.595083127443402,6.206298026113074,28.55976157592802
logistic,2023-01-01,B0B7B9W8ZH,Textured - Cream Boho Tufted,Oversized King,43.0,40.925347870392294,21.237448092686336,78.043907678935
logistic,2023-01-01,B0BJDKYW2W,Textured - Cream Boho Tufted,King,22.0,83.13375249941592,44.35729039166363,155.06065195935832
logistic,2023-01-01,B0BJDMVDWF,Textured - White Seersucker,Queen,5.0,21.610253017631116,10.665198943336474,42.82467405867293
logistic,2023-01-01,B0BJDMYTZG,Textured - Cream Boho Tufted,Queen,24.0,90.18168435197805,48.21842278794442,167.92251092816852
logistic,2023-01-01,B0BJDNDPJH,Textured - White Seersucker,King,12.0,17.67489519005958,8.513598631785595,35.65823247940131
logistic,2023-01-01,B0BJDPLCHT,Textured - White Seersucker,Oversized King,11.0,8.91740271121764,3.736354769253085,19.765943711597735
logistic,2023-01-01,B0BP769CCH,White/Blue,Queen,3.0,43.92997985328011,22.882847867235704,83.52522499988649
logistic,2023-01-01,B0BP76HL54,White/Ivory,King,12.0,31.95095886189587,16.32378200199216,61.67486451823836
logistic,2023-01-01,B0BP76K7VY,White/Ivory,Oversized King,5.0,17.204667216743324,8.256627871604191,34.80244480703482
logistic,2023-01-01,B0BP76KJ65,White/Gray,King,4.0,29.654402903378287,15.06667975834825,57.48703226155876
logistic,2023-01-01,B0BP76Z81S,White/Ivory,Queen,15.0,39.80059068230522,20.62153909005871,75.99212313661856
logistic,2023-01-01,B0BP77GWF1,White/Gray,Queen,13.0,37.68218863136044,19.46157136448529,72.12789866712126
logistic,2023-01-01,B0BP77N52P,White/Blue,King,7.0,27.0130892556664,13.621090343449117,52.67131665372187
logistic,2023-01-01,B0BP77RMF9,White/Gray,Oversized King,6.0,14.686733369296922,6.881226581979268,30.222754635943396
logistic,2023-01-01,B0BP79YY1H,White/Blue,Oversized King,2.0,13.572021440420686,6.272727300396895,28.19727360717786
bass,2023-01-01,B0B7B9W8ZH,Textured - Cream Boho Tufted,Oversized King,43.0,40.362916378441945,21.024831133507618,76.6800893936075
bass,2023-01-01,B0BJDKYW2W,Textured - Cream Boho Tufted,King,22.0,83.22545071862035,44.610397248351454,154.53310158926877
bass,2023-01-01,B0BJDMVDWF,Textured - White Seersucker,Queen,5.0,21.165828595019633,10.469665560299989,41.83681635883195
bass,2023-01-01,B0BJDMYTZG,Textured - Cream Boho Tufted,Queen,24.0,90.03332989005924,48.35711684183369,166.90014654681914
bass,2023-01-01,B0BJDNDPJH,Textured - White Seersucker,King,12.0,17.431505431227087,8.418893218793642,35.06797365358227
bass,2023-01-01,B0BJDPLCHT,Textured - White Seersucker,Oversized King,11.0,8.897348678521302,3.7430674528285794,19.65277625470186
bass,2023-01-01,B0BP769CCH,White/Blue,Queen,3.0,43.406681901528394,22.699257198238865,82.20739257811293
bass,2023-01-01,B0BP76HL54,White/Ivory,King,12.0,31.57128440094899,16.18934294884247,60.71780798631073
bass,2023-01-01,B0BP76K7VY,White/Ivory,Oversized King,5.0,17.06782544895429,8.219264186094597,34.409150867621186
bass,2023-01-01,B0BP76KJ65,White/Gray,King,4.0,29.303535096104607,14.942380464173834,56.601450510134505
bass,2023-01-01,B0BP76Z81S,White/Ivory,Queen,15.0,39.29241845591082,20.435964798476295,74.73622182574323
bass,2023-01-01,B0BP77GWF1,White/Gray,Queen,13.0,37.19543757600727,19.282500506915575,70.92857957159873
bass,2023-01-01,B0BP77N52P,White/Blue,King,7.0,26.697091717406906,13.509419308409095,51.871095203503586
bass,2023-01-01,B0BP77RMF9,White/Gray,Oversized King,6.0,14.611222660514422,6.871388436748209,29.961535555579744
bass,2023-01-01,B0BP79YY1H,White/Blue,Oversized King,2.0,13.531722280698725,6.27949301379138,28.009019178022612
hier_bayes,2023-01-01,B0B7B9W8ZH,Textured - Cream Boho Tufted,Oversized King,43.0,34.93004831498682,5.0,78.10000000000002
hier_bayes,2023-01-01,B0BJDKYW2W,Textured - Cream Boho Tufted,King,22.0,51.04292706558817,8.0,125.0
hier_bayes,2023-01-01,B0BJDMVDWF,Textured - White Seersucker,Queen,5.0,84.0263559260673,15.0,163.10000000000002
hier_bayes,2023-01-01,B0BJDMYTZG,Textured - Cream Boho Tufted,Queen,24.0,68.43151915889212,12.0,155.10000000000002
hier_bayes,2023-01-01,B0BJDNDPJH,Textured - White Seersucker,King,12.0,70.25516450271162,13.0,137.0
hier_bayes,2023-01-01,B0BJDPLCHT,Textured - White Seersucker,Oversized King,11.0,50.216981042949584,9.0,102.0
hier_bayes,2023-01-01,B0BP769CCH,White/Blue,Queen,3.0,102.5121542298021,19.0,200.20000000000005
hier_bayes,2023-01-01,B0BP76HL54,White/Ivory,King,12.0,82.41471220510402,16.0,171.10000000000002
hier_bayes,2023-01-01,B0BP76K7VY,White/Ivory,Oversized King,5.0,58.90838160807547,9.900000000000006,137.0
hier_bayes,2023-01-01,B0BP76KJ65,White/Gray,King,4.0,82.41471220510402,14.0,176.20000000000005
hier_bayes,2023-01-01,B0BP76Z81S,White/Ivory,Queen,15.0,102.5121542298021,19.0,204.10000000000002
hier_bayes,2023-01-01,B0BP77GWF1,White/Gray,Queen,13.0,102.5121542298021,20.0,207.0
hier_bayes,2023-01-01,B0BP77N52P,White/Blue,King,7.0,82.41471220510402,15.0,174.0
hier_bayes,2023-01-01,B0BP77RMF9,White/Gray,Oversized King,6.0,58.90838160807547,10.0,118.10000000000002
hier_bayes,2023-01-01,B0BP79YY1H,White/Blue,Oversized King,2.0,58.90838160807547,10.0,126.0
knn_lookalike,2023-01-01,B0B7B9W8ZH,Textured - Cream Boho Tufted,Oversized King,43.0,32.58343708473517,8.6537771034382,64.15364387752558
knn_lookalike,2023-01-01,B0BJDKYW2W,Textured - Cream Boho Tufted,King,22.0,64.80773034369898,14.15320187469624,128.348903308267
knn_lookalike,2023-01-01,B0BJDMVDWF,Textured - White Seersucker,Queen,5.0,42.09117455621567,19.690601341891153,92.70929645473025
knn_lookalike,2023-01-01,B0BJDMYTZG,Textured - Cream Boho Tufted,Queen,24.0,67.82097911369547,48.8255722006125,89.71422054897079
knn_lookalike,2023-01-01,B0BJDNDPJH,Textured - White Seersucker,King,12.0,45.48068776605737,28.316154951485686,69.89080232210982
knn_lookalike,2023-01-01,B0BJDPLCHT,Textured - White Seersucker,Oversized King,11.0,31.028555634825413,11.470542537221993,65.75935386046241
knn_lookalike,2023-01-01,B0BP769CCH,White/Blue,Queen,3.0,47.61219712403806,24.284152939741492,112.2025708417371
knn_lookalike,2023-01-01,B0BP76HL54,White/Ivory,King,12.0,52.76570424337477,33.6310576881067,81.22929438638927
knn_lookalike,2023-01-01,B0BP76K7VY,White/Ivory,Oversized King,5.0,36.23381455361619,13.675499954965577,76.26477456983241
knn_lookalike,2023-01-01,B0BP76KJ65,White/Gray,King,4.0,53.00594297722163,33.64323832883332,81.2069944441359
knn_lookalike,2023-01-01,B0BP76Z81S,White/Ivory,Queen,15.0,49.07643580216709,24.34601784316192,111.98909335810322
knn_lookalike,2023-01-01,B0BP77GWF1,White/Gray,Queen,13.0,50.34468286253074,24.397406043224724,111.81176787901327
knn_lookalike,2023-01-01,B0BP77N52P,White/Blue,King,7.0,53.204643179435976,33.65325047440692,81.18866451608578
knn_lookalike,2023-01-01,B0BP77RMF9,White/Gray,Oversized King,6.0,36.238900004453235,13.675691127947514,76.26401220928248
knn_lookalike,2023-01-01,B0BP79YY1H,White/Blue,Oversized King,2.0,36.308212064416686,13.678292711071139,76.25363760341146
matrix_factorisation,2023-01-01,B0B7B9W8ZH,Textured - Cream Boho Tufted,Oversized King,43.0,53.186859622650765,33.89640679837539,83.14091951442852
matrix_factorisation,2023-01-01,B0BJDKYW2W,Textured - Cream Boho Tufted,King,22.0,135.40536943544066,88.78560903942058,206.23170461148
matrix_factorisation,2023-01-01,B0BJDMVDWF,Textured - White Seersucker,Queen,5.0,45.74832026909475,28.935797106883577,72.00308190154497
matrix_factorisation,2023-01-01,B0BJDMYTZG,Textured - Cream Boho Tufted,Queen,24.0,69.80402825809841,44.98407351286831,108.02058114035272
matrix_factorisation,2023-01-01,B0BJDNDPJH,Textured - White Seersucker,King,12.0,42.19499656269329,26.567085677121455,66.68244383553252
matrix_factorisation,2023-01-01,B0BJDPLCHT,Textured - White Seersucker,Oversized King,11.0,24.017042564658087,14.467966845714207,39.4611947338976
matrix_factorisation,2023-01-01,B0BP769CCH,White/Blue,Queen,3.0,44.872122568177375,28.351642603796677,70.69110285629127
matrix_factorisation,2023-01-01,B0BP76HL54,White/Ivory,King,12.0,30.810598996481975,18.98455835038501,49.63480467135194
matrix_factorisation,2023-01-01,B0BP76K7VY,White/Ivory,Oversized King,5.0,27.062846033869565,16.49180797776883,44.022408691060974
matrix_factorisation,2023-01-01,B0BP76KJ65,White/Gray,King,4.0,30.810598996481975,18.98455835038501,49.63480467135194
matrix_factorisation,2023-01-01,B0BP76Z81S,White/Ivory,Queen,15.0,44.872122568177375,28.351642603796677,70.69110285629127
matrix_factorisation,2023-01-01,B0BP77GWF1,White/Gray,Queen,13.0,44.872122568177375,28.351642603796677,70.69110285629127
matrix_factorisation,2023-01-01,B0BP77N52P,White/Blue,King,7.0,30.810598996481975,18.98455835038501,49.63480467135194
matrix_factorisation,2023-01-01,B0BP77RMF9,White/Gray,Oversized King,6.0,27.062846033869565,16.49180797776883,44.022408691060974
matrix_factorisation,2023-01-01,B0BP79YY1H,White/Blue,Oversized King,2.0,27.062846033869565,16.49180797776883,44.022408691060974
cluster_pool,2023-01-01,B0B7B9W8ZH,Textured - Cream Boho Tufted,Oversized King,43.0,9.836065573770492,2.4952304346461873,32.59444228773435
cluster_pool,2023-01-01,B0BJDKYW2W,Textured - Cream Boho Tufted,King,22.0,16.942622950819672,4.972021377433616,52.90766342059353
cluster_pool,2023-01-01,B0BJDMVDWF,Textured - White Seersucker,Queen,5.0,53.278688524590166,17.625105680444666,157.18305026010128
cluster_pool,2023-01-01,B0BJDMYTZG,Textured - Cream Boho Tufted,Queen,24.0,68.0327868852459,22.762059406438137,199.55187909565595
cluster_pool,2023-01-01,B0BJDNDPJH,Textured - White Seersucker,King,12.0,45.180327868852466,14.805416413187547,133.9298636823841
cluster_pool,2023-01-01,B0BJDPLCHT,Textured - White Seersucker,Oversized King,11.0,29.409836065573774,9.314104400192551,88.65956651726422
cluster_pool,2023-01-01,B0BP769CCH,White/Blue,Queen,3.0,65.0,21.706139728411316,190.84238501578068
cluster_pool,2023-01-01,B0BP76HL54,White/Ivory,King,12.0,53.00000000000001,17.5280729324224,156.38280017763057
cluster_pool,2023-01-01,B0BP76K7VY,White/Ivory,Oversized King,5.0,34.50000000000001,11.0865832310842,103.26850797327883
cluster_pool,2023-01-01,B0BP76KJ65,White/Gray,King,4.0,53.00000000000001,17.5280729324224,156.38280017763057
cluster_pool,2023-01-01,B0BP76Z81S,White/Ivory,Queen,15.0,65.0,21.706139728411316,190.84238501578068
cluster_pool,2023-01-01,B0BP77GWF1,White/Gray,Queen,13.0,65.0,21.706139728411316,190.84238501578068
cluster_pool,2023-01-01,B0BP77N52P,White/Blue,King,7.0,53.00000000000001,17.5280729324224,156.38280017763057
cluster_pool,2023-01-01,B0BP77RMF9,White/Gray,Oversized King,6.0,34.50000000000001,11.0865832310842,103.26850797327883
cluster_pool,2023-01-01,B0BP79YY1H,White/Blue,Oversized King,2.0,34.50000000000001,11.0865832310842,103.26850797327883
ensemble,2023-01-01,B0B7B9W8ZH,Textured - Cream Boho Tufted,Oversized King,43.0,41.761221360206626,9.69944873606693,76.4112508848477
ensemble,2023-01-01,B0BJDKYW2W,Textured - Cream Boho Tufted,King,22.0,74.61323657558796,25.237058403205296,134.99724922344427
ensemble,2023-01-01,B0BJDMVDWF,Textured - White Seersucker,Queen,5.0,66.59062429788044,27.89392408600831,93.78833709185346
ensemble,2023-01-01,B0BJDMYTZG,Textured - Cream Boho Tufted,Queen,24.0,66.65331997471127,27.810926042916986,110.68491698050465
ensemble,2023-01-01,B0BJDNDPJH,Textured - White Seersucker,King,12.0,75.90157763939452,29.0450424913914,102.42623659150809
ensemble,2023-01-01,B0BJDPLCHT,Textured - White Seersucker,Oversized King,11.0,51.45347592036369,22.205243639027408,72.87575368376493
ensemble,2023-01-01,B0BP769CCH,White/Blue,Queen,3.0,68.37600968384072,27.340880061927514,98.64557514780812
ensemble,2023-01-01,B0BP76HL54,White/Ivory,King,12.0,77.86733421806548,28.901591570221164,105.45876295199805
ensemble,2023-01-01,B0BP76K7VY,White/Ivory,Oversized King,5.0,52.29188164696102,22.017262093182502,74.53383947679933
ensemble,2023-01-01,B0BP76KJ65,White/Gray,King,4.0,77.85400416387232,28.852917128680325,105.40570450587457
ensemble,2023-01-01,B0BP76Z81S,White/Ivory,Queen,15.0,68.47768953041873,27.381357927327365,98.41089217365317
ensemble,2023-01-01,B0BP77GWF1,White/Gray,Queen,13.0,68.5910368488547,27.347762741245326,98.33729563631941
ensemble,2023-01-01,B0BP77N52P,White/Blue,King,7.0,77.82930462157847,28.78282267574065,105.35903611667415
ensemble,2023-01-01,B0BP77RMF9,White/Gray,Oversized King,6.0,52.24472634405107,21.92393947918456,74.51334307827788
ensemble,2023-01-01,B0BP79YY1H,White/Blue,Oversized King,2.0,52.23139866751427,21.868574940988594,74.51631298364623
heuristic,2025-03-20,B089DH572C,Black,King,0.0,10.1381625,1.4985350585154846,48.65256078900742
heuristic,2025-03-20,B089DH58QX,Black,Queen,1.0,13.3396875,2.2590070331758,62.094873838697886
heuristic,2025-03-20,B0DR8XHWSN,Beige,Queen,42.0,33.905039062499995,7.13718845495992,148.72760661724803
heuristic,2025-03-20,B0DR8XJTT3,Pattern - Paisley - Beige,King,31.0,25.7678296875,5.207578798083492,114.42611531572047
heuristic,2025-03-20,B0DR8XXMY5,Pattern - Paisley - Beige,King,65.0,17.3193609375,3.2035480174060393,78.83707662402183
heuristic,2025-03-20,B0DR8Y6CSN,Stripe - White,King,143.0,22.3884421875,4.406078817580031,100.18595129970682
heuristic,2025-03-20,B0DR8YLQ7K,Pattern - Paisley - Beige,Queen,24.0,33.905039062499995,7.13718845495992,148.72760661724803
heuristic,2025-03-20,B0DR8Z44CM,Pattern - Paisley - Beige,Queen,49.0,33.905039062499995,7.13718845495992,148.72760661724803
heuristic,2025-03-20,B0DR918N9D,Beige,Queen,118.0,26.679375,5.42375606913969,118.26788504178562
heuristic,2025-03-20,B0DR91MMJK,Beige,King,52.0,25.7678296875,5.207578798083492,114.42611531572047
heuristic,2025-03-20,B0DR91ZKKZ,Stripe - White,Queen,214.0,33.905039062499995,7.13718845495992,148.72760661724803
heuristic,2025-03-20,B0DR9289LC,Beige,King,108.0,25.34540625,5.107396943791962,112.64586858613418
naive_family,2025-03-20,B089DH572C,Black,King,0.0,267.9484638255699,33.66271985301963,2085.7743933784977
naive_family,2025-03-20,B089DH58QX,Black,Queen,1.0,267.9484638255699,33.66271985301963,2085.7743933784977
naive_family,2025-03-20,B0DR8XHWSN,Beige,Queen,42.0,120.55156037991858,14.637240329997628,943.845862760698
naive_family,2025-03-20,B0DR8XJTT3,Pattern - Paisley - Beige,King,31.0,120.55156037991858,14.637240329997628,943.845862760698
naive_family,2025-03-20,B0DR8XXMY5,Pattern - Paisley - Beige,King,65.0,457.7452923686819,58.16087767950167,3556.202859810586
naive_family,2025-03-20,B0DR8Y6CSN,Stripe - White,King,143.0,2086.337837837838,268.3721752041453,16173.570539691327
naive_family,2025-03-20,B0DR8YLQ7K,Pattern - Paisley - Beige,Queen,24.0,120.55156037991858,14.637240329997628,943.845862760698
naive_family,2025-03-20,B0DR8Z44CM,Pattern - Paisley - Beige,Queen,49.0,681.0356788899901,86.98219981273947,5286.122489196664
naive_family,2025-03-20,B0DR918N9D,Beige,Queen,118.0,535.8969276511398,68.24834288794636,4161.674497318678
naive_family,2025-03-20,B0DR91MMJK,Beige,King,52.0,120.55156037991858,14.637240329997628,943.845862760698
naive_family,2025-03-20,B0DR91ZKKZ,Stripe - White,Queen,214.0,3263.9066666666668,420.36735010100114,25296.677998756535
naive_family,2025-03-20,B0DR9289LC,Beige,King,108.0,669.8711595639247,85.54113411732784,5199.626468847362
size_ratio,2025-03-20,B089DH572C,Black,King,0.0,10.22950819672131,0.7835480122815186,69.70280893583642
size_ratio,2025-03-20,B089DH58QX,Black,Queen,1.0,18.885245901639344,2.22246347536807,121.70829680187427
size_ratio,2025-03-20,B0DR8XHWSN,Beige,Queen,42.0,48.0,7.056995467077234,297.0019052773515
size_ratio,2025-03-20,B0DR8XJTT3,Pattern - Paisley - Beige,King,31.0,26.0,3.4041869895582146,164.52430714871312
size_ratio,2025-03-20,B0DR8XXMY5,Pattern - Paisley - Beige,King,65.0,17.475409836065573,1.9882321102708074,113.2283316738922
size_ratio,2025-03-20,B0DR8Y6CSN,Stripe - White,King,143.0,894.8258362168398,147.62967982460526,5398.351796899641
size_ratio,2025-03-20,B0DR8YLQ7K,Pattern - Paisley - Beige,Queen,24.0,48.0,7.056995467077234,297.0019052773515
size_ratio,2025-03-20,B0DR8Z44CM,Pattern - Paisley - Beige,Queen,49.0,48.0,7.056995467077234,297.0019052773515
size_ratio,2025-03-20,B0DR918N9D,Beige,Queen,118.0,37.77049180327869,5.358642306129876,235.394966456759
size_ratio,2025-03-20,B0DR91MMJK,Beige,King,52.0,26.0,3.4041869895582146,164.52430714871312
size_ratio,2025-03-20,B0DR91ZKKZ,Stripe - White,Queen,214.0,1901.3425605536333,314.70986751634223,11461.762460240281
size_ratio,2025-03-20,B0DR9289LC,Beige,King,108.0,25.573770491803277,3.3334030894968194,161.95859479645873
ridge,2025-03-20,B089DH572C,Black,King,0.0,31.18841652385162,15.43467964675716,62.04316120438667
ridge,2025-03-20,B089DH58QX,Black,Queen,1.0,44.75519229256318,22.643149514796583,87.54732405338956
ridge,2025-03-20,B0DR8XHWSN,Beige,Queen,42.0,37.87136338697117,18.985224810500895,74.60499848708446
ridge,2025-03-20,B0DR8XJTT3,Pattern - Paisley - Beige,King,31.0,42.80851499464709,21.608675090861343,83.88714965929042
ridge,2025-03-20,B0DR8XXMY5,Pattern - Paisley - Beige,King,65.0,17.74683008877403,8.297727126905006,36.79887638994956
ridge,2025-03-20,B0DR8Y6CSN,Stripe - White,King,143.0,1169.984538295878,620.8272240764096,2204.1218342275706
ridge,2025-03-20,B0DR8YLQ7K,Pattern - Paisley - Beige,Queen,24.0,57.310789269528996,29.315904461334732,111.15723910107997
ridge,2025-03-20,B0DR8Z44CM,Pattern - Paisley - Beige,Queen,49.0,30.04829169302156,14.829039362817413,59.900500337335025
ridge,2025-03-20,B0DR918N9D,Beige,Queen,118.0,16.603026537241682,7.690970838584863,34.653846851623996
ridge,2025-03-20,B0DR91MMJK,Beige,King,52.0,24.927010948833335,12.109062470404254,50.27825870526912
ridge,2025-03-20,B0DR91ZKKZ,Stripe - White,Queen,214.0,3251.3992278894457,1727.3469077007067,6119.357371801214
ridge,2025-03-20,B0DR9289LC,Beige,King,108.0,12.304463204232336,5.412442902916329,26.603948110363675
lasso,2025-03-20,B089DH572C,Black,King,0.0,32.33614371323011,14.298075820569402,71.64302326014804
lasso,2025-03-20,B089DH58QX,Black,Queen,1.0,42.314078803781435,19.031170746990924,92.65949930320562
lasso,2025-03-20,B0DR8XHWSN,Beige,Queen,42.0,37.479707493707934,16.737898527336743,82.47594764505851
lasso,2025-03-20,B0DR8XJTT3,Pattern - Paisley - Beige,King,31.0,28.615429774332785,12.533285603236063,63.80862862368855
lasso,2025-03-20,B0DR8XXMY5,Pattern - Paisley - Beige,King,65.0,28.09736047118334,12.287567216048094,62.71793817663111
lasso,2025-03-20,B0DR8Y6CSN,Stripe - White,King,143.0,536.5560989256232,253.52180072756894,1134.3312709013633
lasso,2025-03-20,B0DR8YLQ7K,Pattern - Paisley - Beige,Queen,24.0,36.80657340790994,16.418592827688336,81.05812070970681
lasso,2025-03-20,B0DR8Z44CM,Pattern - Paisley - Beige,Queen,49.0,37.479707493707934,16.737898527336743,82.47594764505851
lasso,2025-03-20,B0DR918N9D,Beige,Queen,118.0,36.80657340790994,16.418592827688336,81.05812070970681
lasso,2025-03-20,B0DR91MMJK,Beige,King,52.0,28.09736047118334,12.287567216048094,62.71793817663111
lasso,2025-03-20,B0DR91ZKKZ,Stripe - White,Queen,214.0,697.4535293168041,329.85970803696665,1473.4537360245572
lasso,2025-03-20,B0DR9289LC,Beige,King,108.0,28.615429774332785,12.533285603236063,63.80862862368855
elasticnet,2025-03-20,B089DH572C,Black,King,0.0,29.740886775127596,13.756280517085578,63.04067194487411
elasticnet,2025-03-20,B089DH58QX,Black,Queen,1.0,39.784751419772896,18.765623094932717,83.15600866127559
elasticnet,2025-03-20,B0DR8XHWSN,Beige,Queen,42.0,35.96532255502806,16.86058201509924,75.50562957254638
elasticnet,2025-03-20,B0DR8XJTT3,Pattern - Paisley - Beige,King,31.0,33.68804910345919,15.724791206638901,70.94473974218357
elasticnet,2025-03-20,B0DR8XXMY5,Pattern - Paisley - Beige,King,65.0,32.22815657040407,14.996697785695996,68.02114447986668
elasticnet,2025-03-20,B0DR8Y6CSN,Stripe - White,King,143.0,541.4205614464249,269.042753737057,1088.531421999716
elasticnet,2025-03-20,B0DR8YLQ7K,Pattern - Paisley - Beige,Queen,24.0,43.85114029636405,20.793949567867596,91.30198407222227
elasticnet,2025-03-20,B0DR8Z44CM,Pattern - Paisley - Beige,Queen,49.0,45.82169333258004,21.776898922362484,95.24975612363922
elasticnet,2025-03-20,B0DR918N9D,Beige,Queen,118.0,34.40958794974355,16.084653415870484,72.38977784623323
elasticnet,2025-03-20,B0DR91MMJK,Beige,King,52.0,25.233342668947813,11.50859377430853,54.01723694952119
elasticnet,2025-03-20,B0DR91ZKKZ,Stripe - White,Queen,214.0,798.5237541673933,397.31990859487047,1603.8362627239126
elasticnet,2025-03-20,B0DR9289LC,Beige,King,108.0,26.385915216820823,12.083286659798285,56.32415498984884
poisson_glm,2025-03-20,B089DH572C,Black,King,0.0,16.903249411875134,5.291089988586982,49.94925364051256
poisson_glm,2025-03-20,B089DH58QX,Black,Queen,1.0,16.545593858204736,5.159226847756567,48.98157584489717
poisson_glm,2025-03-20,B0DR8XHWSN,Beige,Queen,42.0,50.265878580583575,17.587317151394597,140.3969689779542
poisson_glm,2025-03-20,B0DR8XJTT3,Pattern - Paisley - Beige,King,31.0,49.202303749708896,17.19536603929455,137.5117120664285
poisson_glm,2025-03-20,B0DR8XXMY5,Pattern - Paisley - Beige,King,65.0,36.88428423942953,12.655804875195155,104.09955329992066
poisson_glm,2025-03-20,B0DR8Y6CSN,Stripe - White,King,143.0,35.64418460668669,12.198777103172981,100.73641504758243
poisson_glm,2025-03-20,B0DR8YLQ7K,Pattern - Paisley - Beige,Queen,24.0,61.11660755121413,21.586008156550207,169.83465599265494
poisson_glm,2025-03-20,B0DR8Z44CM,Pattern - Paisley - Beige,Queen,49.0,50.265878580583575,17.587317151394597,140.3969689779542
poisson_glm,2025-03-20,B0DR918N9D,Beige,Queen,118.0,45.471491711026644,15.82046994946794,127.39115365598506
poisson_glm,2025-03-20,B0DR91MMJK,Beige,King,52.0,59.82344233903729,21.10945681708935,166.3261884530198
poisson_glm,2025-03-20,B0DR91ZKKZ,Stripe - White,Queen,214.0,43.37550701398194,15.048041332128406,121.70566743903028
poisson_glm,2025-03-20,B0DR9289LC,Beige,King,108.0,48.19041751525763,16.82246239861973,134.7667151264552
negbin_glm,2025-03-20,B089DH572C,Black,King,0.0,17.46090263867267,2.1577324145340544,32.76407286281129
negbin_glm,2025-03-20,B089DH58QX,Black,Queen,1.0,17.067061552155902,2.087942780972357,32.04618032333945
negbin_glm,2025-03-20,B0DR8XHWSN,Beige,Queen,42.0,51.94410092825989,8.3087704882903,95.57943136822948
negbin_glm,2025-03-20,B0DR8XJTT3,Pattern - Paisley - Beige,King,31.0,50.772470711250804,8.099315955713706,93.4456254667879
negbin_glm,2025-03-20,B0DR8XXMY5,Pattern - Paisley - Beige,King,65.0,32.81755236319528,4.891708524639096,60.743396201751466
negbin_glm,2025-03-20,B0DR8Y6CSN,Stripe - White,King,143.0,36.86783588828557,5.61477302364602,68.12089875292511
negbin_glm,2025-03-20,B0DR8YLQ7K,Pattern - Paisley - Beige,Queen,24.0,54.46727841219454,8.759880600646596,100.17467622374248
negbin_glm,2025-03-20,B0DR8Z44CM,Pattern - Paisley - Beige,Queen,49.0,51.94410092825989,8.3087704882903,95.57943136822948
negbin_glm,2025-03-20,B0DR918N9D,Beige,Queen,118.0,40.51876828366549,6.2668617543692875,74.77067481296169
negbin_glm,2025-03-20,B0DR91MMJK,Beige,King,52.0,53.23873642021535,8.540227841333191,97.93724499909752
negbin_glm,2025-03-20,B0DR91ZKKZ,Stripe - White,Queen,214.0,44.93244305231132,7.055479039828263,82.80940706479439
negbin_glm,2025-03-20,B0DR9289LC,Beige,King,108.0,49.72777660099986,7.912564057167572,91.54298914483215
random_forest,2025-03-20,B089DH572C,Black,King,0.0,55.96413121470386,16.05623457992721,218.6469853378206
random_forest,2025-03-20,B089DH58QX,Black,Queen,1.0,64.21735940993264,22.089538215122232,192.2968093574186
random_forest,2025-03-20,B0DR8XHWSN,Beige,Queen,42.0,61.12915151292934,15.442635887166501,162.5155652385066
random_forest,2025-03-20,B0DR8XJTT3,Pattern - Paisley - Beige,King,31.0,58.25724954892983,13.719391070896474,169.80755235877953
random_forest,2025-03-20,B0DR8XXMY5,Pattern - Paisley - Beige,King,65.0,53.472265123828514,12.522611689310246,165.05313876043382
random_forest,2025-03-20,B0DR8Y6CSN,Stripe - White,King,143.0,57.89449431955831,6.496251631187608,335.2110957195351
random_forest,2025-03-20,B0DR8YLQ7K,Pattern - Paisley - Beige,Queen,24.0,61.457638378011296,16.26385310349263,160.5284725636819
random_forest,2025-03-20,B0DR8Z44CM,Pattern - Paisley - Beige,Queen,49.0,62.42541477521023,16.239247467320865,161.38486839513362
random_forest,2025-03-20,B0DR918N9D,Beige,Queen,118.0,62.65615662281269,18.174013418089412,161.3514521062603
random_forest,2025-03-20,B0DR91MMJK,Beige,King,52.0,57.57431380353887,14.058625266233499,169.9238717381456
random_forest,2025-03-20,B0DR91ZKKZ,Stripe - White,Queen,214.0,63.10023477027866,6.647676808205274,337.28061952241205
random_forest,2025-03-20,B0DR9289LC,Beige,King,108.0,52.96864501976586,11.815612729026782,168.53033001814083
xgboost,2025-03-20,B089DH572C,Black,King,0.0,88.04925537109375,21.834379196166992,97.43270874023438
xgboost,2025-03-20,B089DH58QX,Black,Queen,1.0,104.79692077636719,27.301116943359375,115.0339584350586
xgboost,2025-03-20,B0DR8XHWSN,Beige,Queen,42.0,76.13257598876953,20.876327514648438,88.78569793701172
xgboost,2025-03-20,B0DR8XJTT3,Pattern - Paisley - Beige,King,31.0,78.14334106445312,21.72073745727539,105.08381652832031
xgboost,2025-03-20,B0DR8XXMY5,Pattern - Paisley - Beige,King,65.0,89.86558532714844,20.990530014038086,103.89734649658203
xgboost,2025-03-20,B0DR8Y6CSN,Stripe - White,King,143.0,149.53001403808594,26.812244415283203,203.26113891601562
xgboost,2025-03-20,B0DR8YLQ7K,Pattern - Paisley - Beige,Queen,24.0,77.52583312988281,21.801841735839844,92.07718658447266
xgboost,2025-03-20,B0DR8Z44CM,Pattern - Paisley - Beige,Queen,49.0,96.78146362304688,22.39071273803711,106.61921691894531
xgboost,2025-03-20,B0DR918N9D,Beige,Queen,118.0,106.93756103515625,23.482566833496094,117.27862548828125
xgboost,2025-03-20,B0DR91MMJK,Beige,King,52.0,79.3737564086914,21.91377067565918,107.54119873046875
xgboost,2025-03-20,B0DR91ZKKZ,Stripe - White,Queen,214.0,183.07179260253906,26.66289520263672,196.60218811035156
xgboost,2025-03-20,B0DR9289LC,Beige,King,108.0,78.66148376464844,20.681825637817383,102.10884857177734
lightgbm,2025-03-20,B089DH572C,Black,King,0.0,59.92368194499345,22.239648473595242,67.66472076061719
lightgbm,2025-03-20,B089DH58QX,Black,Queen,1.0,85.42608909654403,29.114716424813718,94.66871259296235
lightgbm,2025-03-20,B0DR8XHWSN,Beige,Queen,42.0,59.76319641209494,40.62907038233628,67.49386238677623
lightgbm,2025-03-20,B0DR8XJTT3,Pattern - Paisley - Beige,King,31.0,67.21168101933853,44.15034035251684,75.40995407037425
lightgbm,2025-03-20,B0DR8XXMY5,Pattern - Paisley - Beige,King,65.0,105.43232752337725,47.55364036849135,115.7003520424061
lightgbm,2025-03-20,B0DR8Y6CSN,Stripe - White,King,143.0,91.50753259613981,57.021197998843476,153.32078829734527
lightgbm,2025-03-20,B0DR8YLQ7K,Pattern - Paisley - Beige,Queen,24.0,78.53030752381427,46.73372596786495,87.39204028461305
lightgbm,2025-03-20,B0DR8Z44CM,Pattern - Paisley - Beige,Queen,49.0,87.67040253623769,50.983292558282805,97.03364997162237
lightgbm,2025-03-20,B0DR918N9D,Beige,Queen,118.0,130.3942970276161,58.76843755163402,141.81332925576993
lightgbm,2025-03-20,B0DR91MMJK,Beige,King,52.0,81.89441422725356,44.279712084916646,90.94396748845125
lightgbm,2025-03-20,B0DR91ZKKZ,Stripe - White,Queen,214.0,146.47875702783548,58.759699941873016,172.63721810921453
lightgbm,2025-03-20,B0DR9289LC,Beige,King,108.0,66.96281593720934,47.39917532034688,75.14589701570351
gompertz,2025-03-20,B089DH572C,Black,King,0.0,7.941172382448551,2.8438361309919444,19.798119599346748
gompertz,2025-03-20,B089DH58QX,Black,Queen,1.0,10.05656200282541,3.8793032596230543,24.054307309393753
gompertz,2025-03-20,B0DR8XHWSN,Beige,Queen,42.0,65.83509437213279,31.255236107722812,137.4869676604967
gompertz,2025-03-20,B0DR8XJTT3,Pattern - Paisley - Beige,King,31.0,58.86553138206792,27.83323066715053,123.29692284675016
gompertz,2025-03-20,B0DR8XXMY5,Pattern - Paisley - Beige,King,65.0,17.394217008441675,7.476274621789562,38.91697230807879
gompertz,2025-03-20,B0DR8Y6CSN,Stripe - White,King,143.0,677.6121637673288,331.662373926927,1383.3298939306335
gompertz,2025-03-20,B0DR8YLQ7K,Pattern - Paisley - Beige,Queen,24.0,74.58832368884055,35.55310153086399,155.30943582898422
gompertz,2025-03-20,B0DR8Z44CM,Pattern - Paisley - Beige,Queen,49.0,57.50478026113394,27.165121412983833,120.52652435667066
gompertz,2025-03-20,B0DR918N9D,Beige,Queen,118.0,26.796014764203626,12.089527352679541,58.02569404950011
gompertz,2025-03-20,B0DR91MMJK,Beige,King,52.0,46.73893695888276,21.87940310038687,98.60950869061989
gompertz,2025-03-20,B0DR91ZKKZ,Stripe - White,Queen,214.0,1452.218556531504,712.0287426352222,2960.793889601872
gompertz,2025-03-20,B0DR9289LC,Beige,King,108.0,34.94365864001689,16.088781359886564,74.60203207132827
logistic,2025-03-20,B089DH572C,Black,King,0.0,6.675458340179201,2.2780798688008352,16.971697789467672
logistic,2025-03-20,B089DH58QX,Black,Queen,1.0,8.681776321183703,3.2783869478012653,20.909377033231262
logistic,2025-03-20,B0DR8XHWSN,Beige,Queen,42.0,61.88630563094322,29.913330114237503,126.92822453272417
logistic,2025-03-20,B0DR8XJTT3,Pattern - Paisley - Beige,King,31.0,55.87434288780208,26.9019215595305,114.93075666913717
logistic,2025-03-20,B0DR8XXMY5,Pattern - Paisley - Beige,King,65.0,13.562678593433878,5.7167140169485755,30.573714063235066
logistic,2025-03-20,B0DR8Y6CSN,Stripe - White,King,143.0,716.7995726218038,358.00390051235416,1434.1828092138335
logistic,2025-03-20,B0DR8YLQ7K,Pattern - Paisley - Beige,Queen,24.0,71.53106589436987,34.74456106851217,146.17639166669454
logistic,2025-03-20,B0DR8Z44CM,Pattern - Paisley - Beige,Queen,49.0,50.429439224374725,24.174637600468756,104.06555291522464
logistic,2025-03-20,B0DR918N9D,Beige,Queen,118.0,21.35819393923981,9.61678765291804,46.08475412402779
logistic,2025-03-20,B0DR91MMJK,Beige,King,52.0,43.28287179756902,20.595179892979832,89.80603840106964
logistic,2025-03-20,B0DR91ZKKZ,Stripe - White,Queen,214.0,1789.6711303447937,895.484181999829,3575.7536800230073
logistic,2025-03-20,B0DR9289LC,Beige,King,108.0,28.813393910889985,13.349024751853815,60.94417194597559
bass,2025-03-20,B089DH572C,Black,King,0.0,4.784889459661182,1.3483209558388412,13.25058443450506
bass,2025-03-20,B089DH58QX,Black,Queen,1.0,6.278454278385098,2.095212525360339,16.11543108865359
bass,2025-03-20,B0DR8XHWSN,Beige,Queen,42.0,60.41245206150137,29.351194424000013,123.26164240916741
bass,2025-03-20,B0DR8XJTT3,Pattern - Paisley - Beige,King,31.0,54.820064833281265,26.533176692239877,112.16818516150086
bass,2025-03-20,B0DR8XXMY5,Pattern - Paisley - Beige,King,65.0,12.18659895334445,5.060746164397233,27.69059142879294
bass,2025-03-20,B0DR8Y6CSN,Stripe - White,King,143.0,737.8354997471317,370.7553413761214,1467.3794284324886
bass,2025-03-20,B0DR8YLQ7K,Pattern - Paisley - Beige,Queen,24.0,70.43326532611897,34.4008744003354,143.14082933226555
bass,2025-03-20,B0DR8Z44CM,Pattern - Paisley - Beige,Queen,49.0,48.13642076700489,23.165398121772366,98.91094844064874
bass,2025-03-20,B0DR918N9D,Beige,Queen,118.0,19.802082886047423,8.892444236858477,42.743148006402826
bass,2025-03-20,B0DR91MMJK,Beige,King,52.0,42.03626413758479,20.091798272819663,86.81233382583291
bass,2025-03-20,B0DR91ZKKZ,Stripe - White,Queen,214.0,1928.2061555293262,970.6791910816619,3829.31398088204
bass,2025-03-20,B0DR9289LC,Beige,King,108.0,26.943983046514226,12.488803801866787,56.88995080466707
hier_bayes,2025-03-20,B089DH572C,Black,King,0.0,30.44753749867418,2.0,69.0
hier_bayes,2025-03-20,B089DH58QX,Black,Queen,1.0,41.1202497767355,2.0,87.0
hier_bayes,2025-03-20,B0DR8XHWSN,Beige,Queen,42.0,74.56985304843944,5.0,164.30000000000007
hier_bayes,2025-03-20,B0DR8XJTT3,Pattern - Paisley - Beige,King,31.0,55.41629974390112,4.0,121.0
hier_bayes,2025-03-20,B0DR8XXMY5,Pattern - Paisley - Beige,King,65.0,52.01454322690172,4.0,119.10000000000002
hier_bayes,2025-03-20,B0DR8Y6CSN,Stripe - White,King,143.0,70.64146770583835,8.0,151.0
hier_bayes,2025-03-20,B0DR8YLQ7K,Pattern - Paisley - Beige,Queen,24.0,74.56985304843944,5.0,171.0
hier_bayes,2025-03-20,B0DR8Z44CM,Pattern - Paisley - Beige,Queen,49.0,104.51396818253606,8.0,217.10000000000002
hier_bayes,2025-03-20,B0DR918N9D,Beige,Queen,118.0,82.240499553471,5.0,169.20000000000005
hier_bayes,2025-03-20,B0DR91MMJK,Beige,King,52.0,55.41629974390112,3.0,108.10000000000002
hier_bayes,2025-03-20,B0DR91ZKKZ,Stripe - White,Queen,214.0,95.1670037984588,10.0,223.30000000000007
hier_bayes,2025-03-20,B0DR9289LC,Beige,King,108.0,76.11884374668546,5.900000000000006,176.10000000000002
knn_lookalike,2025-03-20,B089DH572C,Black,King,0.0,14.941167716700047,4.549839338021454,30.605144665328634
knn_lookalike,2025-03-20,B089DH58QX,Black,Queen,1.0,24.170614182398214,15.420039338342924,39.20330044978594
knn_lookalike,2025-03-20,B0DR8XHWSN,Beige,Queen,42.0,74.05248152912922,41.89181480695909,108.94174841436273
knn_lookalike,2025-03-20,B0DR8XJTT3,Pattern - Paisley - Beige,King,31.0,56.76737568478415,10.23385272734343,128.9040304769761
knn_lookalike,2025-03-20,B0DR8XXMY5,Pattern - Paisley - Beige,King,65.0,63.44911030107822,18.80802595086557,145.85541413783824
knn_lookalike,2025-03-20,B0DR8Y6CSN,Stripe - White,King,143.0,114.83740740339103,17.96125205616141,200.81535104614335
knn_lookalike,2025-03-20,B0DR8YLQ7K,Pattern - Paisley - Beige,Queen,24.0,73.84370205132478,41.88403361308024,108.95777045070398
knn_lookalike,2025-03-20,B0DR8Z44CM,Pattern - Paisley - Beige,Queen,49.0,93.0823605805558,40.15651208355395,205.0580369391892
knn_lookalike,2025-03-20,B0DR918N9D,Beige,Queen,118.0,73.33472178686748,31.13589766807426,163.2759817804377
knn_lookalike,2025-03-20,B0DR91MMJK,Beige,King,52.0,56.89710664511571,10.23563923064927,128.8868013179757
knn_lookalike,2025-03-20,B0DR91ZKKZ,Stripe - White,Queen,214.0,143.51473597527703,43.99324313967273,195.67542268698136
knn_lookalike,2025-03-20,B0DR9289LC,Beige,King,108.0,92.44311287381576,28.20174575672408,209.3631703403276
matrix_factorisation,2025-03-20,B089DH572C,Black,King,0.0,9.414567460921575,3.6978345120440324,22.087917447925168
matrix_factorisation,2025-03-20,B089DH58QX,Black,Queen,1.0,14.193427050061148,6.117444562985378,31.433020514978907
matrix_factorisation,2025-03-20,B0DR8XHWSN,Beige,Queen,42.0,36.07496041890542,17.21809323293329,74.44986582781301
matrix_factorisation,2025-03-20,B0DR8XJTT3,Pattern - Paisley - Beige,King,31.0,23.928692296509002,11.054178832491546,50.553880878136795
matrix_factorisation,2025-03-20,B0DR8XXMY5,Pattern - Paisley - Beige,King,65.0,16.08321941240769,7.075233230689729,35.139685028953195
matrix_factorisation,2025-03-20,B0DR8Y6CSN,Stripe - White,King,143.0,38.33143710239406,18.363428307768345,78.89091187529846
matrix_factorisation,2025-03-20,B0DR8YLQ7K,Pattern - Paisley - Beige,Queen,24.0,36.07496041890542,17.21809323293329,74.44986582781301
matrix_factorisation,2025-03-20,B0DR8Z44CM,Pattern - Paisley - Beige,Queen,49.0,36.07496041890542,17.21809323293329,74.44986582781301
matrix_factorisation,2025-03-20,B0DR918N9D,Beige,Queen,118.0,28.386854100122296,13.316257394396764,59.32213378895197
matrix_factorisation,2025-03-20,B0DR91MMJK,Beige,King,52.0,23.928692296509002,11.054178832491546,50.553880878136795
matrix_factorisation,2025-03-20,B0DR91ZKKZ,Stripe - White,Queen,214.0,31.679443381288976,14.987193016813736,65.80009546314432
matrix_factorisation,2025-03-20,B0DR9289LC,Beige,King,108.0,23.536418652303936,10.855164908198581,49.78257830599921
cluster_pool,2025-03-20,B089DH572C,Black,King,0.0,16.918032786885245,3.823245304363615,65.56428995254159
cluster_pool,2025-03-20,B089DH58QX,Black,Queen,1.0,21.639344262295083,5.143680236035596,82.42555096217804
cluster_pool,2025-03-20,B0DR8XHWSN,Beige,Queen,42.0,60.5,16.006543067582562,221.39969551540614
cluster_pool,2025-03-20,B0DR8XJTT3,Pattern - Paisley - Beige,King,31.0,19.5,4.545412947017264,74.78335536329027
cluster_pool,2025-03-20,B0DR8XXMY5,Pattern - Paisley - Beige,King,65.0,13.106557377049182,2.756795069114238,51.969341518779984
cluster_pool,2025-03-20,B0DR8Y6CSN,Stripe - White,King,143.0,34.75409836065574,8.810238646489262,129.30830295254063
cluster_pool,2025-03-20,B0DR8YLQ7K,Pattern - Paisley - Beige,Queen,24.0,60.5,16.006543067582562,221.39969551540614
cluster_pool,2025-03-20,B0DR8Z44CM,Pattern - Paisley - Beige,Queen,49.0,60.5,16.006543067582562,221.39969551540614
cluster_pool,2025-03-20,B0DR918N9D,Beige,Queen,118.0,47.60655737704918,12.40278572880905,175.27659412401195
cluster_pool,2025-03-20,B0DR91MMJK,Beige,King,52.0,19.5,4.545412947017264,74.78335536329027
cluster_pool,2025-03-20,B0DR91ZKKZ,Stripe - White,Queen,214.0,46.0,11.953734876410113,169.52996846668384
cluster_pool,2025-03-20,B0DR9289LC,Beige,King,108.0,19.18032786885246,4.456009784459114,73.64166102751143
ensemble,2025-03-20,B089DH572C,Black,King,0.0,46.87499648705166,5.828079675242112,67.90826594602837
ensemble,2025-03-20,B089DH58QX,Black,Queen,1.0,66.74345622241525,8.164669822582747,93.44412287236327
ensemble,2025-03-20,B0DR8XHWSN,Beige,Queen,42.0,62.06076137032524,22.51362387320811,94.13596915655036
ensemble,2025-03-20,B0DR8XJTT3,Pattern - Paisley - Beige,King,31.0,63.61144099421292,19.453011127662784,102.6219829999584
ensemble,2025-03-20,B0DR8XXMY5,Pattern - Paisley - Beige,King,65.0,90.39384999286904,17.76621065433011,137.3171640306246
ensemble,2025-03-20,B0DR8Y6CSN,Stripe - White,King,143.0,91.62804924646744,20.88250266971381,179.3713179266444
ensemble,2025-03-20,B0DR8YLQ7K,Pattern - Paisley - Beige,Queen,24.0,75.46799191448399,25.067659562255127,110.3547445418849
ensemble,2025-03-20,B0DR8Z44CM,Pattern - Paisley - Beige,Queen,49.0,85.69968616155256,24.75669498111639,139.67394931639245
ensemble,2025-03-20,B0DR918N9D,Beige,Queen,118.0,110.71979286357306,23.87457067401846,165.0572457109575
ensemble,2025-03-20,B0DR91MMJK,Beige,King,52.0,74.20449674173024,17.65517035554788,115.88790668485929
ensemble,2025-03-20,B0DR91ZKKZ,Stripe - White,Queen,214.0,137.05690109680768,18.310763719168413,202.53698588722995
ensemble,2025-03-20,B0DR9289LC,Beige,King,108.0,70.7743219760207,21.599617253884848,122.89458553598753
heuristic,2025-05-26,B0F23XYBN8,Pink,Queen,142.0,50.19850230414747,11.397526433436271,210.43626127855265
heuristic,2025-05-26,B0F241V4YK,Light Gray,Twin,234.0,30.11910138248848,6.477801334103504,128.5031022604315
heuristic,2025-05-26,B0F241YFJ8,Beige,Twin,42.0,30.11910138248848,6.477801334103504,128.5031022604315
heuristic,2025-05-26,B0F241YQVC,Black,Twin,40.0,30.11910138248848,6.477801334103504,128.5031022604315
heuristic,2025-05-26,B0F2423YPG,Pink,King,42.0,38.15086175115208,8.445807101292301,161.27199639172377
heuristic,2025-05-26,B0F2424F23,Ivory,Twin,235.0,30.11910138248848,6.477801334103504,128.5031022604315
heuristic,2025-05-26,B0F24279LZ,Sky Blue,Queen,160.0,50.19850230414747,11.397526433436271,210.43626127855265
heuristic,2025-05-26,B0F2428582,Gray,Twin,132.0,30.11910138248848,6.477801334103504,128.5031022604315
heuristic,2025-05-26,B0F242BDQN,Pattern - Paisley - Beige,Twin,86.0,30.11910138248848,6.477801334103504,128.5031022604315
heuristic,2025-05-26,B0F243QDSL,Sage Green,King,201.0,38.15086175115208,8.445807101292301,161.27199639172377
heuristic,2025-05-26,B0F243X7TS,Sky Blue,King,154.0,38.15086175115208,8.445807101292301,161.27199639172377
heuristic,2025-05-26,B0F244DYDR,Sage Green,Twin,206.0,30.11910138248848,6.477801334103504,128.5031022604315
heuristic,2025-05-26,B0F244F18J,Pink,Twin,138.0,29.62534562211982,6.356808896889176,126.48894359222642
heuristic,2025-05-26,B0F244T9DL,Sage Green,Queen,216.0,50.19850230414747,11.397526433436271,210.43626127855265
heuristic,2025-05-26,B0F244YQVQ,Indigo Navy Blue,Twin,175.0,29.62534562211982,6.356808896889176,126.48894359222642
heuristic,2025-05-26,B0F245LD5R,Stripe - White,Twin,130.0,30.11910138248848,6.477801334103504,128.5031022604315
heuristic,2025-05-26,B0F245SSBC,Sky Blue,Twin,211.0,29.62534562211982,6.356808896889176,126.48894359222642
naive_family,2025-05-26,B0F23XYBN8,Pink,Queen,142.0,0.7922077922077922,0.0,20.911125046545337
naive_family,2025-05-26,B0F241V4YK,Light Gray,Twin,234.0,129.356783919598,14.130111049921693,1122.1174085763719
naive_family,2025-05-26,B0F241YFJ8,Beige,Twin,42.0,107.54335260115607,11.590763325825863,934.7382939390692
naive_family,2025-05-26,B0F241YQVC,Black,Twin,40.0,1.0166666666666666,0.0,23.522935434970172
naive_family,2025-05-26,B0F2423YPG,Pink,King,42.0,0.7922077922077922,0.0,20.911125046545337
naive_family,2025-05-26,B0F2424F23,Ivory,Twin,235.0,235.18072289156626,26.44916845315792,2031.1684411232268
naive_family,2025-05-26,B0F24279LZ,Sky Blue,Queen,160.0,481.8351063829787,55.16223208042854,4150.005601451222
naive_family,2025-05-26,B0F2428582,Gray,Twin,132.0,119.63870967741934,12.998811696850913,1038.638119848886
naive_family,2025-05-26,B0F242BDQN,Pattern - Paisley - Beige,Twin,86.0,107.54335260115607,11.590763325825863,934.7382939390692
naive_family,2025-05-26,B0F243QDSL,Sage Green,King,201.0,481.8351063829787,55.16223208042854,4150.005601451222
naive_family,2025-05-26,B0F243X7TS,Sky Blue,King,154.0,481.8351063829787,55.16223208042854,4150.005601451222
naive_family,2025-05-26,B0F244DYDR,Sage Green,Twin,206.0,481.8351063829787,55.16223208042854,4150.005601451222
naive_family,2025-05-26,B0F244F18J,Pink,Twin,138.0,0.7792207792207793,0.0,20.752348778092102
naive_family,2025-05-26,B0F244T9DL,Sage Green,Queen,216.0,481.8351063829787,55.16223208042854,4150.005601451222
naive_family,2025-05-26,B0F244YQVQ,Indigo Navy Blue,Twin,175.0,142.58064516129033,15.669521307050612,1235.7122777672569
naive_family,2025-05-26,B0F245LD5R,Stripe - White,Twin,130.0,1159.0,133.9909188481811,9967.077937993314
naive_family,2025-05-26,B0F245SSBC,Sky Blue,Twin,211.0,473.93617021276594,54.24271718281685,4082.151178641347
size_ratio,2025-05-26,B0F23XYBN8,Pink,Queen,142.0,48.0,6.1715579052006575,333.79475892662686
size_ratio,2025-05-26,B0F241V4YK,Light Gray,Twin,234.0,889.3278894472362,130.41150760664613,6031.0725723679325
size_ratio,2025-05-26,B0F241YFJ8,Beige,Twin,42.0,739.360549132948,108.26578058579321,5015.517886696078
size_ratio,2025-05-26,B0F241YQVC,Black,Twin,40.0,6.989583333333333,0.1105928319012168,56.476907833991454
size_ratio,2025-05-26,B0F2423YPG,Pink,King,42.0,32.5,3.8822518899853207,228.86319126671987
size_ratio,2025-05-26,B0F2424F23,Ivory,Twin,235.0,1616.867469879518,237.84749381610456,10957.855411351456
size_ratio,2025-05-26,B0F24279LZ,Sky Blue,Queen,160.0,48.0,6.1715579052006575,333.79475892662686
size_ratio,2025-05-26,B0F2428582,Gray,Twin,132.0,822.5161290322579,120.54539316354149,5578.634053787401
size_ratio,2025-05-26,B0F242BDQN,Pattern - Paisley - Beige,Twin,86.0,739.360549132948,108.26578058579321,5015.517886696078
size_ratio,2025-05-26,B0F243QDSL,Sage Green,King,201.0,32.5,3.8822518899853207,228.86319126671987
size_ratio,2025-05-26,B0F243X7TS,Sky Blue,King,154.0,32.5,3.8822518899853207,228.86319126671987
size_ratio,2025-05-26,B0F244DYDR,Sage Green,Twin,206.0,330.0,47.81532719897269,2243.397534270868
size_ratio,2025-05-26,B0F244F18J,Pink,Twin,138.0,324.59016393442624,47.01645310779352,2206.763130959798
size_ratio,2025-05-26,B0F244T9DL,Sage Green,Queen,216.0,48.0,6.1715579052006575,333.79475892662686
size_ratio,2025-05-26,B0F244YQVQ,Indigo Navy Blue,Twin,175.0,980.2419354838711,143.83681357307165,6646.727965006443
size_ratio,2025-05-26,B0F245LD5R,Stripe - White,Twin,130.0,9211.78879310345,1359.3915807918531,62389.47531956077
size_ratio,2025-05-26,B0F245SSBC,Sky Blue,Twin,211.0,324.59016393442624,47.01645310779352,2206.763130959798
ridge,2025-05-26,B0F23XYBN8,Pink,Queen,142.0,103.36602539423464,53.17726876625526,200.0486594217974
ridge,2025-05-26,B0F241V4YK,Light Gray,Twin,234.0,137.8980573562043,71.32277568076296,265.7578802905245
ridge,2025-05-26,B0F241YFJ8,Beige,Twin,42.0,112.11940239087667,57.77684035378844,216.70478168352776
ridge,2025-05-26,B0F241YQVC,Black,Twin,40.0,318.31622147237994,166.1303047873499,609.0799578217221
ridge,2025-05-26,B0F2423YPG,Pink,King,42.0,76.28373473051128,38.94696263951646,148.51764187416907
ridge,2025-05-26,B0F2424F23,Ivory,Twin,235.0,65.06802589446299,33.05401945856695,127.17823314226526
ridge,2025-05-26,B0F24279LZ,Sky Blue,Queen,160.0,13.7546990681224,6.108032063060303,29.62748488744473
ridge,2025-05-26,B0F2428582,Gray,Twin,132.0,119.83978305737853,61.83364683405967,231.3954426506245
ridge,2025-05-26,B0F242BDQN,Pattern - Paisley - Beige,Twin,86.0,96.28663942126198,49.457355715774135,186.57800672705014
ridge,2025-05-26,B0F243QDSL,Sage Green,King,201.0,33.23447929882919,16.331042447553912,66.62429763867893
ridge,2025-05-26,B0F243X7TS,Sky Blue,King,154.0,9.925952622052096,4.103482621791544,22.391172175172557
ridge,2025-05-26,B0F244DYDR,Sage Green,Twin,206.0,104.54939634801258,53.799082980434875,202.3003923333434
ridge,2025-05-26,B0F244F18J,Pink,Twin,138.0,237.29178906835978,123.55264784309004,454.8953801522886
ridge,2025-05-26,B0F244T9DL,Sage Green,Queen,216.0,43.316305040192795,21.626471808074005,85.798105735363
ridge,2025-05-26,B0F244YQVQ,Indigo Navy Blue,Twin,175.0,69.02207640643344,35.131520305971684,134.70121441743038
ridge,2025-05-26,B0F245LD5R,Stripe - White,Twin,130.0,418.5177385359588,218.78559410227362,799.7582738313077
ridge,2025-05-26,B0F245SSBC,Sky Blue,Twin,211.0,32.688392605036114,16.044254070164797,65.58594689090309
lasso,2025-05-26,B0F23XYBN8,Pink,Queen,142.0,75.63308178726163,34.92907360901577,162.4506162925251
lasso,2025-05-26,B0F241V4YK,Light Gray,Twin,234.0,86.77958643182686,40.23100078975824,185.88015441178771
lasso,2025-05-26,B0F241YFJ8,Beige,Twin,42.0,67.73976077255156,31.17459730935884,145.85979332189441
lasso,2025-05-26,B0F241YQVC,Black,Twin,40.0,90.58487681013601,42.0410321419178,193.87891537245207
lasso,2025-05-26,B0F2423YPG,Pink,King,42.0,63.4213477877863,29.120556617416895,136.78331202535492
lasso,2025-05-26,B0F2424F23,Ivory,Twin,235.0,75.43307614706102,34.83393991328557,162.0302206075999
lasso,2025-05-26,B0F24279LZ,Sky Blue,Queen,160.0,19.241909594907856,8.109952791395452,43.97662210010859
lasso,2025-05-26,B0F2428582,Gray,Twin,132.0,88.0154112284401,40.81883481298269,188.47786258521882
lasso,2025-05-26,B0F242BDQN,Pattern - Paisley - Beige,Twin,86.0,67.73241507594386,31.171103334993457,145.8443538594228
lasso,2025-05-26,B0F243QDSL,Sage Green,King,201.0,30.615939474964478,13.517969048974408,67.85037607620671
lasso,2025-05-26,B0F243X7TS,Sky Blue,King,154.0,16.01629462746267,6.576786282526839,37.215976015631966
lasso,2025-05-26,B0F244DYDR,Sage Green,Twin,206.0,53.767263024686486,24.528698347836073,116.49338169720816
lasso,2025-05-26,B0F244F18J,Pink,Twin,138.0,110.59500420641746,51.5591639731848,235.94145839503767
lasso,2025-05-26,B0F244T9DL,Sage Green,Queen,216.0,36.609068403027294,16.368077071748267,80.43918410198582
lasso,2025-05-26,B0F244YQVQ,Indigo Navy Blue,Twin,175.0,63.58972666252269,29.2006451937266,137.13720745297138
lasso,2025-05-26,B0F245LD5R,Stripe - White,Twin,130.0,215.02590939866715,101.2342438505159,455.4732106764211
lasso,2025-05-26,B0F245SSBC,Sky Blue,Twin,211.0,28.476773394817968,12.50072685319389,63.35802895781839
elasticnet,2025-05-26,B0F23XYBN8,Pink,Queen,142.0,90.81626122768239,44.04798459643504,186.1388010219032
elasticnet,2025-05-26,B0F241V4YK,Light Gray,Twin,234.0,124.5917221003563,60.832325259923756,254.09764664076894
elasticnet,2025-05-26,B0F241YFJ8,Beige,Twin,42.0,82.98835082266274,40.158070624666635,170.38906092656052
elasticnet,2025-05-26,B0F241YQVC,Black,Twin,40.0,116.27189659627183,56.697843103041095,237.35722431991235
elasticnet,2025-05-26,B0F2423YPG,Pink,King,42.0,73.3508712763963,35.36899819970931,150.99901930769818
elasticnet,2025-05-26,B0F2424F23,Ivory,Twin,235.0,87.00128169317105,42.15220618229087,178.46302784442517
elasticnet,2025-05-26,B0F24279LZ,Sky Blue,Queen,160.0,16.235006984921498,6.9944931888767945,36.156259784371265
elasticnet,2025-05-26,B0F2428582,Gray,Twin,132.0,122.01893750054178,59.55379505485939,248.92090041675667
elasticnet,2025-05-26,B0F242BDQN,Pattern - Paisley - Beige,Twin,86.0,80.96641741910737,39.15332109613168,166.32099365924188
elasticnet,2025-05-26,B0F243QDSL,Sage Green,King,201.0,27.647620367141492,12.661223920822946,59.07413079943295
elasticnet,2025-05-26,B0F243X7TS,Sky Blue,King,154.0,12.95654504604614,5.367923989659191,29.588485342888
elasticnet,2025-05-26,B0F244DYDR,Sage Green,Twin,206.0,59.340341874346464,28.407065712492813,122.81231412579342
elasticnet,2025-05-26,B0F244F18J,Pink,Twin,138.0,155.6048744704493,76.24423231808382,316.50055598861275
elasticnet,2025-05-26,B0F244T9DL,Sage Green,Queen,216.0,33.20573462781387,15.422123262421865,70.24732062544956
elasticnet,2025-05-26,B0F244YQVQ,Indigo Navy Blue,Twin,175.0,79.18884524027017,38.270003656431435,162.74459644123016
elasticnet,2025-05-26,B0F245LD5R,Stripe - White,Twin,130.0,317.85410871681773,156.8747834382445,642.9783506361257
elasticnet,2025-05-26,B0F245SSBC,Sky Blue,Twin,211.0,28.39660218441978,13.03324188794205,60.579514333858675
poisson_glm,2025-05-26,B0F23XYBN8,Pink,Queen,142.0,42.55174359727199,14.560061071971404,120.89890268356184
poisson_glm,2025-05-26,B0F241V4YK,Light Gray,Twin,234.0,125.74738580050223,44.85277360514236,349.35829992756817
poisson_glm,2025-05-26,B0F241YFJ8,Beige,Twin,42.0,117.25763165111843,41.76159042699416,326.04273400699725
poisson_glm,2025-05-26,B0F241YQVC,Black,Twin,40.0,134.8518199882092,48.167761863544264,374.3621538708454
poisson_glm,2025-05-26,B0F2423YPG,Pink,King,42.0,39.80207196518564,13.558804758818882,113.35066986826251
poisson_glm,2025-05-26,B0F2424F23,Ivory,Twin,235.0,125.74738580050223,44.85277360514236,349.35829992756817
poisson_glm,2025-05-26,B0F24279LZ,Sky Blue,Queen,160.0,42.55174359727199,14.560061071971404,120.89890268356184
poisson_glm,2025-05-26,B0F2428582,Gray,Twin,132.0,125.74738580050223,44.85277360514236,349.35829992756817
poisson_glm,2025-05-26,B0F242BDQN,Pattern - Paisley - Beige,Twin,86.0,127.04391640569568,45.32484974430967,352.91900068758883
poisson_glm,2025-05-26,B0F243QDSL,Sage Green,King,201.0,42.55174359727199,14.560061071971404,120.89890268356184
poisson_glm,2025-05-26,B0F243X7TS,Sky Blue,King,154.0,39.80207196518564,13.558804758818882,113.35066986826251
poisson_glm,2025-05-26,B0F244DYDR,Sage Green,Twin,206.0,145.06439342481312,51.886226869644744,402.40951301262487
poisson_glm,2025-05-26,B0F244F18J,Pink,Twin,138.0,133.08552929414958,47.52464337337829,369.5113096401629
poisson_glm,2025-05-26,B0F244T9DL,Sage Green,Queen,216.0,37.230082689804995,12.62223706387033,106.29069062714412
poisson_glm,2025-05-26,B0F244YQVQ,Indigo Navy Blue,Twin,175.0,123.33338598037938,43.973818613927726,342.72867027481254
poisson_glm,2025-05-26,B0F245LD5R,Stripe - White,Twin,130.0,115.41886662751556,41.09208165925631,320.9929253333751
poisson_glm,2025-05-26,B0F245SSBC,Sky Blue,Twin,211.0,133.08552929414958,47.52464337337829,369.5113096401629
negbin_glm,2025-05-26,B0F23XYBN8,Pink,Queen,142.0,42.49729997764348,2.415570058496286,82.57902989679067
negbin_glm,2025-05-26,B0F241V4YK,Light Gray,Twin,234.0,110.2151577458265,7.66157225079651,212.7687432408565
negbin_glm,2025-05-26,B0F241YFJ8,Beige,Twin,42.0,103.9570062219229,7.176436490981089,200.7375759528647
negbin_glm,2025-05-26,B0F241YQVC,Black,Twin,40.0,116.85004636441464,8.17593964725475,225.52415308157453
negbin_glm,2025-05-26,B0F2423YPG,Pink,King,42.0,41.18361249288367,2.3139920290581557,80.05323295670918
negbin_glm,2025-05-26,B0F2424F23,Ivory,Twin,235.0,110.2151577458265,7.66157225079651,212.7687432408565
negbin_glm,2025-05-26,B0F24279LZ,Sky Blue,Queen,160.0,42.49729997764348,2.415570058496286,82.57902989679067
negbin_glm,2025-05-26,B0F2428582,Gray,Twin,132.0,110.2151577458265,7.66157225079651,212.7687432408565
negbin_glm,2025-05-26,B0F242BDQN,Pattern - Paisley - Beige,Twin,86.0,106.66199241736439,7.386125397136496,205.9378594375923
negbin_glm,2025-05-26,B0F243QDSL,Sage Green,King,201.0,42.49729997764348,2.415570058496286,82.57902989679067
negbin_glm,2025-05-26,B0F243X7TS,Sky Blue,King,154.0,41.18361249288367,2.3139920290581557,80.05323295670918
negbin_glm,2025-05-26,B0F244DYDR,Sage Green,Twin,206.0,127.28203621435028,8.984721515004068,245.5793509136965
negbin_glm,2025-05-26,B0F244F18J,Pink,Twin,138.0,120.97189931112648,8.49549676860039,233.44830185365257
negbin_glm,2025-05-26,B0F244T9DL,Sage Green,Queen,216.0,39.91053405407552,2.21557291585799,77.60549519229305
negbin_glm,2025-05-26,B0F244YQVQ,Indigo Navy Blue,Twin,175.0,108.09251235633684,7.497020508218014,208.68800420445567
negbin_glm,2025-05-26,B0F245LD5R,Stripe - White,Twin,130.0,100.06119792609644,6.87444545604238,193.2479503961505
negbin_glm,2025-05-26,B0F245SSBC,Sky Blue,Twin,211.0,120.97189931112648,8.49549676860039,233.44830185365257
random_forest,2025-05-26,B0F23XYBN8,Pink,Queen,142.0,41.330216648185406,11.452126297758744,100.08996875817473
random_forest,2025-05-26,B0F241V4YK,Light Gray,Twin,234.0,34.33515662118616,6.8695746602491035,151.1139915403557
random_forest,2025-05-26,B0F241YFJ8,Beige,Twin,42.0,42.13585816244698,12.852992496310563,142.97361639253364
random_forest,2025-05-26,B0F241YQVC,Black,Twin,40.0,33.7070794656106,12.170862237953845,105.42649709216049
random_forest,2025-05-26,B0F2423YPG,Pink,King,42.0,36.93337806722895,11.254848456632855,98.19412833283612
random_forest,2025-05-26,B0F2424F23,Ivory,Twin,235.0,21.673995686943968,3.7662082427951957,143.9650509556184
random_forest,2025-05-26,B0F24279LZ,Sky Blue,Queen,160.0,14.167175588373935,1.4686406128370453,74.62218777944247
random_forest,2025-05-26,B0F2428582,Gray,Twin,132.0,33.44885215527961,6.944292416473788,144.44431539401918
random_forest,2025-05-26,B0F242BDQN,Pattern - Paisley - Beige,Twin,86.0,40.509514263665665,12.889390891060092,140.59045575219764
random_forest,2025-05-26,B0F243QDSL,Sage Green,King,201.0,17.748711973085587,1.9870847429360545,81.89610802599545
random_forest,2025-05-26,B0F243X7TS,Sky Blue,King,154.0,11.310891458725134,1.4053224024512347,67.23393025096807
random_forest,2025-05-26,B0F244DYDR,Sage Green,Twin,206.0,15.493456379821879,1.9436008474452473,69.36362670630334
random_forest,2025-05-26,B0F244F18J,Pink,Twin,138.0,30.35231625454794,10.777265792993234,94.17390492766997
random_forest,2025-05-26,B0F244T9DL,Sage Green,Queen,216.0,22.181813649480176,2.6203962362253046,87.67682432791182
random_forest,2025-05-26,B0F244YQVQ,Indigo Navy Blue,Twin,175.0,24.662344413089055,4.60748628571841,121.31513386064809
random_forest,2025-05-26,B0F245LD5R,Stripe - White,Twin,130.0,79.07324572416452,9.199295641796073,392.40484022401307
random_forest,2025-05-26,B0F245SSBC,Sky Blue,Twin,211.0,10.415939329798833,1.380301029193533,55.980537811513265
xgboost,2025-05-26,B0F23XYBN8,Pink,Queen,142.0,54.342716217041016,22.725013732910156,66.29885864257812
xgboost,2025-05-26,B0F241V4YK,Light Gray,Twin,234.0,45.921485900878906,21.801715850830078,58.06279373168945
xgboost,2025-05-26,B0F241YFJ8,Beige,Twin,42.0,60.99763107299805,21.922374725341797,84.29457092285156
xgboost,2025-05-26,B0F241YQVC,Black,Twin,40.0,42.0135383605957,20.145137786865234,68.42865753173828
xgboost,2025-05-26,B0F2423YPG,Pink,King,42.0,52.41803741455078,20.58427619934082,64.73868560791016
xgboost,2025-05-26,B0F2424F23,Ivory,Twin,235.0,29.904624938964844,18.632484436035156,77.35379028320312
xgboost,2025-05-26,B0F24279LZ,Sky Blue,Queen,160.0,16.717756271362305,9.000085830688477,70.52503967285156
xgboost,2025-05-26,B0F2428582,Gray,Twin,132.0,44.370323181152344,21.736310958862305,67.96524810791016
xgboost,2025-05-26,B0F242BDQN,Pattern - Paisley - Beige,Twin,86.0,49.1129264831543,20.714229583740234,91.27610778808594
xgboost,2025-05-26,B0F243QDSL,Sage Green,King,201.0,18.474843978881836,9.082315444946289,44.37062454223633
xgboost,2025-05-26,B0F243X7TS,Sky Blue,King,154.0,11.589200019836426,7.468220233917236,54.04335021972656
xgboost,2025-05-26,B0F244DYDR,Sage Green,Twin,206.0,17.93031120300293,8.496309280395508,57.63701629638672
xgboost,2025-05-26,B0F244F18J,Pink,Twin,138.0,43.53008270263672,20.456708908081055,62.230106353759766
xgboost,2025-05-26,B0F244T9DL,Sage Green,Queen,216.0,28.719057083129883,11.474751472473145,77.61994934082031
xgboost,2025-05-26,B0F244YQVQ,Indigo Navy Blue,Twin,175.0,33.393333435058594,27.61463737487793,73.25304412841797
xgboost,2025-05-26,B0F245LD5R,Stripe - White,Twin,130.0,85.52661895751953,30.22144889831543,215.4835205078125
xgboost,2025-05-26,B0F245SSBC,Sky Blue,Twin,211.0,10.5137939453125,7.271295547485352,60.73761749267578
lightgbm,2025-05-26,B0F23XYBN8,Pink,Queen,142.0,62.788008068327876,35.1601948023728,72.90163775185052
lightgbm,2025-05-26,B0F241V4YK,Light Gray,Twin,234.0,58.77693444058345,28.654532841116982,86.39093086106475
lightgbm,2025-05-26,B0F241YFJ8,Beige,Twin,42.0,67.7975835763635,34.076498782581155,83.22811192015482
lightgbm,2025-05-26,B0F241YQVC,Black,Twin,40.0,57.7573619634907,19.548272187092195,75.46882548287282
lightgbm,2025-05-26,B0F2423YPG,Pink,King,42.0,64.36604224517104,31.307933396414636,76.44136866836114
lightgbm,2025-05-26,B0F2424F23,Ivory,Twin,235.0,37.762079934318784,12.931636762923512,93.61011145077904
lightgbm,2025-05-26,B0F24279LZ,Sky Blue,Queen,160.0,15.789816178400292,8.58701565112629,54.62338766616778
lightgbm,2025-05-26,B0F2428582,Gray,Twin,132.0,57.92394550011926,28.176021904834514,81.97957956223073
lightgbm,2025-05-26,B0F242BDQN,Pattern - Paisley - Beige,Twin,86.0,55.98819772101751,28.788372601482067,81.37960380123252
lightgbm,2025-05-26,B0F243QDSL,Sage Green,King,201.0,14.66027717737666,8.398915357088711,51.84789400934127
lightgbm,2025-05-26,B0F243X7TS,Sky Blue,King,154.0,8.950742833864759,5.704466906894556,50.379334328715345
lightgbm,2025-05-26,B0F244DYDR,Sage Green,Twin,206.0,19.262523518888816,7.621920861043866,55.76048485531602
lightgbm,2025-05-26,B0F244F18J,Pink,Twin,138.0,65.4264819147632,29.22197106132173,78.67337345531438
lightgbm,2025-05-26,B0F244T9DL,Sage Green,Queen,216.0,24.16592300922343,13.081340568220657,55.775615215469095
lightgbm,2025-05-26,B0F244YQVQ,Indigo Navy Blue,Twin,175.0,29.598113873680543,14.662350941414799,79.49590225221479
lightgbm,2025-05-26,B0F245LD5R,Stripe - White,Twin,130.0,145.3344197520859,44.612579334486,203.36438865233234
lightgbm,2025-05-26,B0F245SSBC,Sky Blue,Twin,211.0,12.079084409886393,5.308354335251206,56.60329154288248
gompertz,2025-05-26,B0F23XYBN8,Pink,Queen,142.0,104.60666806220493,50.081792757642,217.33157642127284
gompertz,2025-05-26,B0F241V4YK,Light Gray,Twin,234.0,122.49778602390202,58.83018564481576,253.91652730860363
gompertz,2025-05-26,B0F241YFJ8,Beige,Twin,42.0,112.6906815110153,54.034700183379265,233.86220546982648
gompertz,2025-05-26,B0F241YQVC,Black,Twin,40.0,216.16189044214963,104.63077698175003,445.4540355369722
gompertz,2025-05-26,B0F2423YPG,Pink,King,42.0,88.24283624241463,42.0803083379392,183.87063180039019
gompertz,2025-05-26,B0F2424F23,Ivory,Twin,235.0,79.18195983288486,37.64983817234721,165.3434308307717
gompertz,2025-05-26,B0F24279LZ,Sky Blue,Queen,160.0,19.10564319461614,8.27984504529324,42.560736876123194
gompertz,2025-05-26,B0F2428582,Gray,Twin,132.0,114.44400241162047,54.89203862006557,237.4475145630072
gompertz,2025-05-26,B0F242BDQN,Pattern - Paisley - Beige,Twin,86.0,90.05756338675285,42.96765615923184,187.58134761389965
gompertz,2025-05-26,B0F243QDSL,Sage Green,King,201.0,40.965623046050425,18.964474907794653,87.21236349950853
gompertz,2025-05-26,B0F243X7TS,Sky Blue,King,154.0,14.086592732578909,5.8283922839311275,32.332191651366216
gompertz,2025-05-26,B0F244DYDR,Sage Green,Twin,206.0,110.22621783441404,52.829628755537726,228.82271696376566
gompertz,2025-05-26,B0F244F18J,Pink,Twin,138.0,205.05644437780333,99.20031692966334,422.74375222213615
gompertz,2025-05-26,B0F244T9DL,Sage Green,Queen,216.0,48.23187046107292,22.516949764872376,102.0651123266121
gompertz,2025-05-26,B0F244YQVQ,Indigo Navy Blue,Twin,175.0,68.00205117971556,32.18332140863773,142.4842223409471
gompertz,2025-05-26,B0F245LD5R,Stripe - White,Twin,130.0,339.7140255209788,165.04684973479397,698.1162275714358
gompertz,2025-05-26,B0F245SSBC,Sky Blue,Twin,211.0,50.33743245172175,23.546395945453945,106.36940675900736
logistic,2025-05-26,B0F23XYBN8,Pink,Queen,142.0,104.59163789273606,51.10801402907912,212.9708104524693
logistic,2025-05-26,B0F241V4YK,Light Gray,Twin,234.0,120.40651376822663,59.00007887481226,244.65870348450824
logistic,2025-05-26,B0F241YFJ8,Beige,Twin,42.0,111.95236282293826,54.78121074509074,227.71924249882895
logistic,2025-05-26,B0F241YQVC,Black,Twin,40.0,221.4754211206493,109.43732099843236,447.175603639578
logistic,2025-05-26,B0F2423YPG,Pink,King,42.0,86.32773585775203,41.99395376885972,176.37688166666985
logistic,2025-05-26,B0F2424F23,Ivory,Twin,235.0,73.55682379874519,35.621148518703194,150.78988644002206
logistic,2025-05-26,B0F24279LZ,Sky Blue,Queen,160.0,17.804306397619037,7.807166828265503,39.14934041679499
logistic,2025-05-26,B0F2428582,Gray,Twin,132.0,111.04195831913522,54.3268936952544,225.89508818499934
logistic,2025-05-26,B0F242BDQN,Pattern - Paisley - Beige,Twin,86.0,89.23828798930788,43.44636557688639,182.20842466084267
logistic,2025-05-26,B0F243QDSL,Sage Green,King,201.0,38.3416389285087,18.05000537893581,80.2474601866813
logistic,2025-05-26,B0F243X7TS,Sky Blue,King,154.0,12.996429567701291,5.411606522860269,29.553971137366425
logistic,2025-05-26,B0F244DYDR,Sage Green,Twin,206.0,105.90807924510207,51.764951592265994,215.60850740839655
logistic,2025-05-26,B0F244F18J,Pink,Twin,138.0,208.19650931153174,102.81058526443235,420.5676021539968
logistic,2025-05-26,B0F244T9DL,Sage Green,Queen,216.0,46.02716359490061,21.8844553254965,95.64001543080478
logistic,2025-05-26,B0F244YQVQ,Indigo Navy Blue,Twin,175.0,64.17146509924405,30.93788465127777,131.98688718922588
logistic,2025-05-26,B0F245LD5R,Stripe - White,Twin,130.0,343.538623268388,170.35225687093237,691.765097416194
logistic,2025-05-26,B0F245SSBC,Sky Blue,Twin,211.0,45.446911413424885,21.59494579578368,94.47779398741037
bass,2025-05-26,B0F23XYBN8,Pink,Queen,142.0,104.57483523679976,51.39602354870985,211.726941480884
bass,2025-05-26,B0F241V4YK,Light Gray,Twin,234.0,120.00446267868415,59.140340172029106,242.46520066687305
bass,2025-05-26,B0F241YFJ8,Beige,Twin,42.0,111.8943043533889,55.069742835828905,226.3084075443876
bass,2025-05-26,B0F241YQVC,Black,Twin,40.0,224.08464256319022,111.38058399858102,449.8171653427145
bass,2025-05-26,B0F2423YPG,Pink,King,42.0,85.63681915302664,41.89095758788186,174.0004862347705
bass,2025-05-26,B0F2424F23,Ivory,Twin,235.0,71.84985941156263,34.97140222072543,146.53670106378775
bass,2025-05-26,B0F24279LZ,Sky Blue,Queen,160.0,17.368959089785587,7.635555124246992,38.07318674798442
bass,2025-05-26,B0F2428582,Gray,Twin,132.0,110.15122741469587,54.194872087534115,222.83592693538898
bass,2025-05-26,B0F242BDQN,Pattern - Paisley - Beige,Twin,86.0,89.19691138840719,43.677764892757494,181.092431068032
bass,2025-05-26,B0F243QDSL,Sage Green,King,201.0,37.50796902828834,17.737209909471826,78.14004730949898
bass,2025-05-26,B0F243X7TS,Sky Blue,King,154.0,12.649773500760105,5.270958398343404,28.710979532454235
bass,2025-05-26,B0F244DYDR,Sage Green,Twin,206.0,104.6728036603265,51.445194794085914,211.92210806495365
bass,2025-05-26,B0F244F18J,Pink,Twin,138.0,209.98249949280685,104.30233416026361,421.72201701137294
bass,2025-05-26,B0F244T9DL,Sage Green,Queen,216.0,45.321843558250094,21.65814541503787,93.6994183032702
bass,2025-05-26,B0F244YQVQ,Indigo Navy Blue,Twin,175.0,63.20865684101517,30.634579808464714,129.32420971888772
bass,2025-05-26,B0F245LD5R,Stripe - White,Twin,130.0,345.691619082038,172.41870858141664,692.0917645791121
bass,2025-05-26,B0F245SSBC,Sky Blue,Twin,211.0,43.96630293105842,20.9779202639216,90.99998794275935
hier_bayes,2025-05-26,B0F23XYBN8,Pink,Queen,142.0,115.43435049141802,10.0,245.0
hier_bayes,2025-05-26,B0F241V4YK,Light Gray,Twin,234.0,176.34444207174081,13.0,411.4000000000001
hier_bayes,2025-05-26,B0F241YFJ8,Beige,Twin,42.0,188.23952176538543,13.0,392.1
hier_bayes,2025-05-26,B0F241YQVC,Black,Twin,40.0,172.27324142991543,11.0,334.1
hier_bayes,2025-05-26,B0F2423YPG,Pink,King,42.0,90.1319453499658,8.0,196.0
hier_bayes,2025-05-26,B0F2424F23,Ivory,Twin,235.0,176.38584182760263,14.0,416.5000000000001
hier_bayes,2025-05-26,B0F24279LZ,Sky Blue,Queen,160.0,76.68114317798388,7.0,176.0
hier_bayes,2025-05-26,B0F2428582,Gray,Twin,132.0,188.60650802734568,16.0,390.20000000000005
hier_bayes,2025-05-26,B0F242BDQN,Pattern - Paisley - Beige,Twin,86.0,188.23952176538543,14.0,408.1
hier_bayes,2025-05-26,B0F243QDSL,Sage Green,King,201.0,68.53711346123049,7.0,171.10000000000002
hier_bayes,2025-05-26,B0F243X7TS,Sky Blue,King,154.0,71.73983628718028,5.0,144.10000000000002
hier_bayes,2025-05-26,B0F244DYDR,Sage Green,Twin,206.0,149.6862998096148,13.0,355.20000000000005
hier_bayes,2025-05-26,B0F244F18J,Pink,Twin,138.0,169.44908993106435,13.0,341.20000000000005
hier_bayes,2025-05-26,B0F244T9DL,Sage Green,Queen,216.0,100.16006327869617,8.0,229.0
hier_bayes,2025-05-26,B0F244YQVQ,Indigo Navy Blue,Twin,175.0,145.9505656151909,11.0,303.1
hier_bayes,2025-05-26,B0F245LD5R,Stripe - White,Twin,130.0,211.0985766554973,21.0,503.4000000000001
hier_bayes,2025-05-26,B0F245SSBC,Sky Blue,Twin,211.0,135.28124212307398,9.0,307.1
knn_lookalike,2025-05-26,B0F23XYBN8,Pink,Queen,142.0,50.51155832519108,36.090456866972175,68.2140637941682
knn_lookalike,2025-05-26,B0F241V4YK,Light Gray,Twin,234.0,265.91770397965325,36.04518063702894,403.51516463025007
knn_lookalike,2025-05-26,B0F241YFJ8,Beige,Twin,42.0,217.0467129674098,35.607094097475276,419.24855647463886
knn_lookalike,2025-05-26,B0F241YQVC,Black,Twin,40.0,176.03307532134738,17.383029818389087,408.85596080045053
knn_lookalike,2025-05-26,B0F2423YPG,Pink,King,42.0,56.681169860047845,23.24028366558278,100.594880988666
knn_lookalike,2025-05-26,B0F2424F23,Ivory,Twin,235.0,247.47930823240506,14.421070820094807,404.36810871428287
knn_lookalike,2025-05-26,B0F24279LZ,Sky Blue,Queen,160.0,35.216894025287885,16.629809341892745,69.87687006774071
knn_lookalike,2025-05-26,B0F2428582,Gray,Twin,132.0,201.50025653302373,30.86116124260145,406.98393058924495
knn_lookalike,2025-05-26,B0F242BDQN,Pattern - Paisley - Beige,Twin,86.0,221.62210981844612,46.82792539422916,418.9720416379608
knn_lookalike,2025-05-26,B0F243QDSL,Sage Green,King,201.0,38.05002038217357,4.02184916017563,98.54733150356388
knn_lookalike,2025-05-26,B0F243X7TS,Sky Blue,King,154.0,44.32576813887745,7.478234119611642,102.13781933846435
knn_lookalike,2025-05-26,B0F244DYDR,Sage Green,Twin,206.0,184.66314028940542,10.561091213705655,408.1783439078168
knn_lookalike,2025-05-26,B0F244F18J,Pink,Twin,138.0,200.21660122306386,39.85444182820794,413.4550738580913
knn_lookalike,2025-05-26,B0F244T9DL,Sage Green,Queen,216.0,43.36031609225102,16.962727374609347,68.88144514991808
knn_lookalike,2025-05-26,B0F244YQVQ,Indigo Navy Blue,Twin,175.0,31.143282946561627,10.657052483722925,51.961757293196705
knn_lookalike,2025-05-26,B0F245LD5R,Stripe - White,Twin,130.0,395.74262141107283,68.19074114101939,456.02646513327835
knn_lookalike,2025-05-26,B0F245SSBC,Sky Blue,Twin,211.0,178.11939658658835,2.9117018959633105,401.98784471536743
matrix_factorisation,2025-05-26,B0F23XYBN8,Pink,Queen,142.0,38.79321496539266,18.422765314180626,80.52803844701924
matrix_factorisation,2025-05-26,B0F241V4YK,Light Gray,Twin,234.0,69.05613186975174,33.64314014942734,140.6690747831408
matrix_factorisation,2025-05-26,B0F241YFJ8,Beige,Twin,42.0,59.87444822236601,29.025031855586104,122.42030024151593
matrix_factorisation,2025-05-26,B0F241YQVC,Black,Twin,40.0,47.94134728232463,23.02335315805521,98.70529334727598
matrix_factorisation,2025-05-26,B0F2423YPG,Pink,King,42.0,25.988696821303638,11.984677082886053,55.09610092439424
matrix_factorisation,2025-05-26,B0F2424F23,Ivory,Twin,235.0,40.19062466966453,19.125488045059893,83.3044182023526
matrix_factorisation,2025-05-26,B0F24279LZ,Sky Blue,Queen,160.0,11.319928143281686,4.615851419813559,26.027180405827608
matrix_factorisation,2025-05-26,B0F2428582,Gray,Twin,132.0,64.46981249302027,31.336341151893375,131.55353559443324
matrix_factorisation,2025-05-26,B0F242BDQN,Pattern - Paisley - Beige,Twin,86.0,47.736833324716535,22.920498465053782,98.29888902571665
matrix_factorisation,2025-05-26,B0F243QDSL,Sage Green,King,201.0,13.543990638940514,5.731959859432575,30.421408939211748
matrix_factorisation,2025-05-26,B0F243X7TS,Sky Blue,King,154.0,11.444224360129514,4.678205802543123,26.272473966315836
matrix_factorisation,2025-05-26,B0F244DYDR,Sage Green,Twin,206.0,38.834559726578775,18.44355635996472,80.61018073204232
matrix_factorisation,2025-05-26,B0F244F18J,Pink,Twin,138.0,47.15542355638488,22.628095346701457,97.14353564552373
matrix_factorisation,2025-05-26,B0F244T9DL,Sage Green,Queen,216.0,30.833787021116823,14.420512268137156,64.71701241078462
matrix_factorisation,2025-05-26,B0F244YQVQ,Indigo Navy Blue,Twin,175.0,43.95165346925056,21.01688120818118,90.77735622558288
matrix_factorisation,2025-05-26,B0F245LD5R,Stripe - White,Twin,130.0,68.8664140402283,33.54771635541727,140.29199628198268
matrix_factorisation,2025-05-26,B0F245SSBC,Sky Blue,Twin,211.0,23.82039816021702,10.894744479515547,50.79196290367016
cluster_pool,2025-05-26,B0F23XYBN8,Pink,Queen,142.0,29.0,7.233884479378192,108.30442396344696
cluster_pool,2025-05-26,B0F241V4YK,Light Gray,Twin,234.0,330.0,91.69491670367658,1180.952623683133
cluster_pool,2025-05-26,B0F241YFJ8,Beige,Twin,42.0,34.50000000000001,8.777557222585129,127.89211193660478
cluster_pool,2025-05-26,B0F241YQVC,Black,Twin,40.0,47.0,12.285552966185088,172.42146057934
cluster_pool,2025-05-26,B0F2423YPG,Pink,King,42.0,30.0,7.514563195371492,111.86544922497006
cluster_pool,2025-05-26,B0F2424F23,Ivory,Twin,235.0,34.50000000000001,8.777557222585129,127.89211193660478
cluster_pool,2025-05-26,B0F24279LZ,Sky Blue,Queen,160.0,8.0,1.3350068482246265,33.68940575552773
cluster_pool,2025-05-26,B0F2428582,Gray,Twin,132.0,47.0,12.285552966185088,172.42146057934
cluster_pool,2025-05-26,B0F242BDQN,Pattern - Paisley - Beige,Twin,86.0,34.50000000000001,8.777557222585129,127.89211193660478
cluster_pool,2025-05-26,B0F243QDSL,Sage Green,King,201.0,12.0,2.460263054100321,47.840217451022816
cluster_pool,2025-05-26,B0F243X7TS,Sky Blue,King,154.0,8.0,1.3350068482246265,33.68940575552773
cluster_pool,2025-05-26,B0F244DYDR,Sage Green,Twin,206.0,12.0,2.460263054100321,47.840217451022816
cluster_pool,2025-05-26,B0F244F18J,Pink,Twin,138.0,29.508196721311474,7.376525191550085,110.1141011221628
cluster_pool,2025-05-26,B0F244T9DL,Sage Green,Queen,216.0,12.0,2.460263054100321,47.840217451022816
cluster_pool,2025-05-26,B0F244YQVQ,Indigo Navy Blue,Twin,175.0,29.508196721311474,7.376525191550085,110.1141011221628
cluster_pool,2025-05-26,B0F245LD5R,Stripe - White,Twin,130.0,330.0,91.69491670367658,1180.952623683133
cluster_pool,2025-05-26,B0F245SSBC,Sky Blue,Twin,211.0,7.868852459016394,1.2980665854111335,33.227269322454866
ensemble,2025-05-26,B0F23XYBN8,Pink,Queen,142.0,53.654700358843606,9.276281439214891,89.37608628737651
ensemble,2025-05-26,B0F241V4YK,Light Gray,Twin,234.0,98.73361170777378,0.0,215.48725267625122
ensemble,2025-05-26,B0F241YFJ8,Beige,Twin,42.0,96.23292907932992,0.0,201.58632844452734
ensemble,2025-05-26,B0F241YQVC,Black,Twin,40.0,92.23413761341675,0.0,200.36748948299015
ensemble,2025-05-26,B0F2423YPG,Pink,King,42.0,54.536444762685605,5.39917513580105,93.92666887242994
ensemble,2025-05-26,B0F2424F23,Ivory,Twin,235.0,86.2102131352355,0.0,216.68895931197594
ensemble,2025-05-26,B0F24279LZ,Sky Blue,Queen,160.0,28.123458794552914,0.0,75.84313932932733
ensemble,2025-05-26,B0F2428582,Gray,Twin,132.0,92.14730770422499,0.0,202.25533918596392
ensemble,2025-05-26,B0F242BDQN,Pattern - Paisley - Beige,Twin,86.0,91.68260676118528,0.0,203.76772928277785
ensemble,2025-05-26,B0F243QDSL,Sage Green,King,201.0,27.81539627382289,0.0,77.46279696879076
ensemble,2025-05-26,B0F243X7TS,Sky Blue,King,154.0,24.97478064292868,0.0,76.85381194039435
ensemble,2025-05-26,B0F244DYDR,Sage Green,Twin,206.0,77.43513701641066,0.0,201.78425302946448
ensemble,2025-05-26,B0F244F18J,Pink,Twin,138.0,100.08793306034782,0.0,209.5099081658137
ensemble,2025-05-26,B0F244T9DL,Sage Green,Queen,216.0,32.17590113834133,0.0,74.94195502695206
ensemble,2025-05-26,B0F244YQVQ,Indigo Navy Blue,Twin,175.0,60.54410470846032,0.0,147.34299666609832
ensemble,2025-05-26,B0F245LD5R,Stripe - White,Twin,130.0,151.47527369368518,0.0,296.1559186594949
ensemble,2025-05-26,B0F245SSBC,Sky Blue,Twin,211.0,70.65541815686913,0.0,195.80060893678768
heuristic,2026-05-26,B0GQTFKZCT,Antique White,King,238.0,29.726331943286073,6.045146801858302,133.00820468921594
heuristic,2026-05-26,B0GQTJP3JD,Silver,King,71.0,29.195504587155966,5.921074376857175,130.73800014658806
heuristic,2026-05-26,B0GQTKYXNY,Taupe,Twin,54.0,23.04908256880734,4.484311532940493,104.45687802881206
heuristic,2026-05-26,B0GQTLHF3G,Silver Gray,Queen,75.0,37.716680567139285,7.9126256390516785,167.1862803223715
heuristic,2026-05-26,B0GQTT9HS7,Antique White,Queen,265.0,39.11359466221852,8.239088085422328,173.16226166992024
heuristic,2026-05-26,B0GQTV62MT,Silver,King,29.0,29.195504587155966,5.921074376857175,130.73800014658806
heuristic,2026-05-26,B0GQTX77XS,Taupe,Queen,67.0,39.11359466221852,8.239088085422328,173.16226166992024
heuristic,2026-05-26,B0GQTX9FXT,Taupe,King,75.0,29.726331943286073,6.045146801858302,133.00820468921594
heuristic,2026-05-26,B0GQTY29NN,Silver,Twin,69.0,23.46815679733111,4.582282579019817,106.2483681332921
heuristic,2026-05-26,B0GQTYFYFT,Taupe,Queen,20.0,30.033653044203504,6.1169775537640305,134.3225598918242
heuristic,2026-05-26,B0GQTZCY6M,Antique White,Twin,197.0,23.46815679733111,4.582282579019817,106.2483681332921
heuristic,2026-05-26,B0GQV17JCG,Antique White,Queen,114.0,38.4151376146789,8.075857436147022,170.17424817589537
heuristic,2026-05-26,B0GQV2JFML,Light Grey,Twin,62.0,25.563527939949957,5.072112936366758,115.20683343856072
heuristic,2026-05-26,B0GQV2K4N4,Indigo Dusty Blue,Twin,67.0,25.563527939949957,5.072112936366758,115.20683343856072
heuristic,2026-05-26,B0GQV7NMHD,Silver,Queen,18.0,38.4151376146789,8.075857436147022,170.17424817589537
heuristic,2026-05-26,B0GQV8SPG4,Taupe,King,23.0,29.195504587155966,5.921074376857175,130.73800014658806
heuristic,2026-05-26,B0GQVB1Y5X,Antique White,King,92.0,29.195504587155966,5.921074376857175,130.73800014658806
heuristic,2026-05-26,B0GR5R4WPL,Grey,Oversized King,1.0,0.5238427856547123,0.0,9.584178484321788
heuristic,2026-05-26,B0GR62LRTF,Ivory,Oversized King,2.0,0.5238427856547123,0.0,9.584178484321788
naive_family,2026-05-26,B0GQTFKZCT,Antique White,King,238.0,151.74193548387095,10.400709166012376,2045.3725997774186
naive_family,2026-05-26,B0GQTJP3JD,Silver,King,71.0,120.64516129032258,8.07475652588276,1629.6272485816528
naive_family,2026-05-26,B0GQTKYXNY,Taupe,Twin,54.0,274.93592233009707,19.615208866002476,3692.4204124280586
naive_family,2026-05-26,B0GQTLHF3G,Silver Gray,Queen,75.0,189.44262295081967,13.220602474271084,2549.411819893523
naive_family,2026-05-26,B0GQTT9HS7,Antique White,Queen,265.0,220.13793103448276,15.516509240138824,2959.7941866655974
naive_family,2026-05-26,B0GQTV62MT,Silver,King,29.0,46.315789473684205,2.514955744939724,635.9309021147849
naive_family,2026-05-26,B0GQTX77XS,Taupe,Queen,67.0,279.9347572815534,19.989104051413285,3759.252827158243
naive_family,2026-05-26,B0GQTX9FXT,Taupe,King,75.0,279.9347572815534,19.989104051413285,3759.252827158243
naive_family,2026-05-26,B0GQTY29NN,Silver,Twin,69.0,161.70000000000002,11.145542288257374,2178.506634758757
naive_family,2026-05-26,B0GQTYFYFT,Taupe,Queen,20.0,124.20343980343979,8.340906702852703,1677.1991124936706
naive_family,2026-05-26,B0GQTZCY6M,Antique White,Twin,197.0,154.9090909090909,10.637602921583214,2087.7157597565
naive_family,2026-05-26,B0GQV17JCG,Antique White,Queen,114.0,132.98507462686567,8.997749638237439,1794.6040981569954
naive_family,2026-05-26,B0GQV2JFML,Light Grey,Twin,62.0,48.333333333333336,2.6658769179230863,662.9005706598144
naive_family,2026-05-26,B0GQV2K4N4,Indigo Dusty Blue,Twin,67.0,176.1955773955774,12.229766147001243,2372.3051891978457
naive_family,2026-05-26,B0GQV7NMHD,Silver,Queen,18.0,56.54929577464789,3.2804550035484215,772.7311667596979
naive_family,2026-05-26,B0GQV8SPG4,Taupe,King,23.0,158.86486486486487,10.933482846244216,2140.6023593066043
naive_family,2026-05-26,B0GQVB1Y5X,Antique White,King,92.0,75.23584905660377,4.678219308763277,1022.5435380968255
naive_family,2026-05-26,B0GR5R4WPL,Grey,Oversized King,1.0,4.714285714285714,0.0,80.63773151287309
naive_family,2026-05-26,B0GR62LRTF,Ivory,Oversized King,2.0,9.274111675126903,0.0,141.10185419399804
size_ratio,2026-05-26,B0GQTFKZCT,Antique White,King,238.0,128.1063959390863,12.440301173198861,1239.1851162099322
size_ratio,2026-05-26,B0GQTJP3JD,Silver,King,71.0,101.66485355648535,9.679797578319777,985.9168472978515
size_ratio,2026-05-26,B0GQTKYXNY,Taupe,Twin,54.0,124.42622950819671,12.056092320628695,1203.9347279650124
size_ratio,2026-05-26,B0GQTLHF3G,Silver Gray,Queen,75.0,134.88702928870293,13.148197413744427,1304.133381229929
size_ratio,2026-05-26,B0GQTT9HS7,Antique White,Queen,265.0,173.11675126903555,17.139353768406302,1670.318805485029
size_ratio,2026-05-26,B0GQTV62MT,Silver,King,29.0,32.248633879781416,2.432289181328892,321.07998699099676
size_ratio,2026-05-26,B0GQTX77XS,Taupe,Queen,67.0,45.90163934426229,3.8578917370746963,451.8227248028167
size_ratio,2026-05-26,B0GQTX9FXT,Taupe,King,75.0,33.9672131147541,2.6117488237385595,337.5357212484657
size_ratio,2026-05-26,B0GQTY29NN,Silver,Twin,69.0,386.0766527196653,39.3720537709879,3710.1893274136514
size_ratio,2026-05-26,B0GQTYFYFT,Taupe,Queen,20.0,35.24590163934426,2.7452709311913552,349.77979932178516
size_ratio,2026-05-26,B0GQTZCY6M,Antique White,Twin,197.0,477.80223350253806,48.94804485192327,4588.800851798336
size_ratio,2026-05-26,B0GQV17JCG,Antique White,Queen,114.0,79.6938775510204,7.385993763915408,775.473493485984
size_ratio,2026-05-26,B0GQV2JFML,Light Grey,Twin,62.0,133.4,12.992952063576594,1289.8898649784267
size_ratio,2026-05-26,B0GQV2K4N4,Indigo Dusty Blue,Twin,67.0,138.0,13.473190332948937,1333.95100634549
size_ratio,2026-05-26,B0GQV7NMHD,Silver,Queen,18.0,43.5792349726776,3.6154049950462857,429.581540056004
size_ratio,2026-05-26,B0GQV8SPG4,Taupe,King,23.0,33.36065573770492,2.5484106308245673,331.7277436463765
size_ratio,2026-05-26,B0GQVB1Y5X,Antique White,King,92.0,58.9734693877551,5.222699874560094,577.0155082054749
size_ratio,2026-05-26,B0GR5R4WPL,Grey,Oversized King,1.0,2.2628571428571425,0.0,35.50430639137055
size_ratio,2026-05-26,B0GR62LRTF,Ivory,Oversized King,2.0,4.451573604060913,0.0,55.58087244821564
ridge,2026-05-26,B0GQTFKZCT,Antique White,King,238.0,37.21475871338494,18.020318196699506,75.77935607699982
ridge,2026-05-26,B0GQTJP3JD,Silver,King,71.0,70.46112450486139,35.10843190600866,140.42658780619928
ridge,2026-05-26,B0GQTKYXNY,Taupe,Twin,54.0,125.71852712685052,63.51434051288776,247.89946932016755
ridge,2026-05-26,B0GQTLHF3G,Silver Gray,Queen,75.0,91.54731385168083,45.947828882791526,181.4366643779127
ridge,2026-05-26,B0GQTT9HS7,Antique White,Queen,265.0,48.23732779439188,23.68518450703075,97.20929017734949
ridge,2026-05-26,B0GQTV62MT,Silver,King,29.0,63.86509958069292,31.71786879303388,127.59887574673085
ridge,2026-05-26,B0GQTX77XS,Taupe,Queen,67.0,90.3403196537756,45.3273583103696,179.0891373637087
ridge,2026-05-26,B0GQTX9FXT,Taupe,King,75.0,67.78157247489786,33.73104787784896,135.21543262266323
ridge,2026-05-26,B0GQTY29NN,Silver,Twin,69.0,132.74180702304847,67.12488255777386,261.56002614934755
ridge,2026-05-26,B0GQTYFYFT,Taupe,Queen,20.0,67.13982917232156,33.40117126791903,133.96739060053596
ridge,2026-05-26,B0GQTZCY6M,Antique White,Twin,197.0,68.57549927056183,34.13915279040759,136.7594425119263
ridge,2026-05-26,B0GQV17JCG,Antique White,Queen,114.0,23.920575606101654,11.190021251218397,49.946185879483686
ridge,2026-05-26,B0GQV2JFML,Light Grey,Twin,62.0,119.22300977941038,60.17512596365598,235.26550583658857
ridge,2026-05-26,B0GQV2K4N4,Indigo Dusty Blue,Twin,67.0,39.74697754216644,19.321625136302796,80.70193907650662
ridge,2026-05-26,B0GQV7NMHD,Silver,Queen,18.0,79.891827535142,39.95623705364187,158.767796865833
ridge,2026-05-26,B0GQV8SPG4,Taupe,King,23.0,53.06808248420873,26.168101063243842,106.60257173344574
ridge,2026-05-26,B0GQVB1Y5X,Antique White,King,92.0,17.467117207654137,7.876360314895193,37.42052438869054
ridge,2026-05-26,B0GR5R4WPL,Grey,Oversized King,1.0,38.8043493482909,18.83720137374334,78.86944313313722
ridge,2026-05-26,B0GR62LRTF,Ivory,Oversized King,2.0,20.76794632092844,9.570962221497945,43.82500997564596
lasso,2026-05-26,B0GQTFKZCT,Antique White,King,238.0,50.75768842469879,21.99760996243272,115.48420489973499
lasso,2026-05-26,B0GQTJP3JD,Silver,King,71.0,59.22151377593288,25.83488253292856,134.14613738348604
lasso,2026-05-26,B0GQTKYXNY,Taupe,Twin,54.0,91.50101005828417,40.46988513041019,205.32892603621627
lasso,2026-05-26,B0GQTLHF3G,Silver Gray,Queen,75.0,69.17827437583964,30.34907418122622,156.1016153746582
lasso,2026-05-26,B0GQTT9HS7,Antique White,Queen,265.0,59.35675853969987,25.896199355288157,134.44435231527913
lasso,2026-05-26,B0GQTV62MT,Silver,King,29.0,46.40017522890668,20.022057318082744,105.8771042593642
lasso,2026-05-26,B0GQTX77XS,Taupe,Queen,67.0,67.15225543592425,29.430514451313815,151.63395985088027
lasso,2026-05-26,B0GQTX9FXT,Taupe,King,75.0,57.442555359776186,25.028345453850214,130.22356482614092
lasso,2026-05-26,B0GQTY29NN,Silver,Twin,69.0,94.31668862218619,41.74648250366371,211.53844989748845
lasso,2026-05-26,B0GQTYFYFT,Taupe,Queen,20.0,50.87412460350576,22.050398578996692,115.74092290239125
lasso,2026-05-26,B0GQTZCY6M,Antique White,Twin,197.0,80.92041617779353,35.67277651173237,181.99554124558657
lasso,2026-05-26,B0GQV17JCG,Antique White,Queen,114.0,36.57076765334877,15.565836179981867,84.20925637111203
lasso,2026-05-26,B0GQV2JFML,Light Grey,Twin,62.0,73.8470708140381,32.46582720842395,166.3971473811797
lasso,2026-05-26,B0GQV2K4N4,Indigo Dusty Blue,Twin,67.0,67.24047364700122,29.470510926577447,151.82849226874228
lasso,2026-05-26,B0GQV7NMHD,Silver,Queen,18.0,54.27528408060339,23.59238655979359,123.23995624672921
lasso,2026-05-26,B0GQV8SPG4,Taupe,King,23.0,43.483581350152555,18.699783911012126,99.44724443040731
lasso,2026-05-26,B0GQVB1Y5X,Antique White,King,92.0,31.218033789865082,13.139240256026358,72.41283424634331
lasso,2026-05-26,B0GR5R4WPL,Grey,Oversized King,1.0,39.22071060386766,16.767185095687115,90.05018902925491
lasso,2026-05-26,B0GR62LRTF,Ivory,Oversized King,2.0,36.02647493258296,15.319083789914613,83.0096088470643
elasticnet,2026-05-26,B0GQTFKZCT,Antique White,King,238.0,46.47225601603888,20.95091571603653,101.66610834854293
elasticnet,2026-05-26,B0GQTJP3JD,Silver,King,71.0,64.10445278223862,29.295038970592227,138.9103587946921
elasticnet,2026-05-26,B0GQTKYXNY,Taupe,Twin,54.0,90.72059855478085,41.8912151609281,195.1396562835276
elasticnet,2026-05-26,B0GQTLHF3G,Silver Gray,Queen,75.0,78.42685601357661,36.07311140317419,169.16714317809559
elasticnet,2026-05-26,B0GQTT9HS7,Antique White,Queen,265.0,57.02139430912056,25.94305223245388,123.94806336452854
elasticnet,2026-05-26,B0GQTV62MT,Silver,King,29.0,49.86587123317089,22.55684302951473,108.83376902702155
elasticnet,2026-05-26,B0GQTX77XS,Taupe,Queen,67.0,66.8215504118078,30.580892292586785,144.65018168727053
elasticnet,2026-05-26,B0GQTX9FXT,Taupe,King,75.0,53.82471542841597,24.43027706132146,117.19570091819524
elasticnet,2026-05-26,B0GQTY29NN,Silver,Twin,69.0,109.06389117614658,50.572409761413354,233.8942040303576
elasticnet,2026-05-26,B0GQTYFYFT,Taupe,Queen,20.0,49.73858731423631,22.496609260940357,108.56492547730913
elasticnet,2026-05-26,B0GQTZCY6M,Antique White,Twin,197.0,77.94812595410176,35.84655035446742,168.15576985374503
elasticnet,2026-05-26,B0GQV17JCG,Antique White,Queen,114.0,32.48895997177424,14.334124338912133,72.13821221242699
elasticnet,2026-05-26,B0GQV2JFML,Light Grey,Twin,62.0,86.14087494402607,39.72381973553971,185.464141510368
elasticnet,2026-05-26,B0GQV2K4N4,Indigo Dusty Blue,Twin,67.0,66.86618125270618,30.602013677948584,144.74446441174226
elasticnet,2026-05-26,B0GQV7NMHD,Silver,Queen,18.0,61.20665231582643,27.92367689140927,132.7889234093698
elasticnet,2026-05-26,B0GQV8SPG4,Taupe,King,23.0,40.35412146081955,18.0557666378726,88.74518812574732
elasticnet,2026-05-26,B0GQVB1Y5X,Antique White,King,92.0,25.627681756953272,11.087839161904283,57.65675628644642
elasticnet,2026-05-26,B0GR5R4WPL,Grey,Oversized King,1.0,39.13745491716475,17.480045117858964,86.17593907119641
elasticnet,2026-05-26,B0GR62LRTF,Ivory,Oversized King,2.0,30.481600754926458,13.384337639530628,67.90071763672302
poisson_glm,2026-05-26,B0GQTFKZCT,Antique White,King,238.0,55.38412278048483,20.203664770090462,148.934897396099
poisson_glm,2026-05-26,B0GQTJP3JD,Silver,King,71.0,56.03654890720867,20.452801372584837,150.64303508639773
poisson_glm,2026-05-26,B0GQTKYXNY,Taupe,Twin,54.0,112.99096707515879,42.201116909296175,299.7778850257888
poisson_glm,2026-05-26,B0GQTLHF3G,Silver Gray,Queen,75.0,56.67827765637887,20.6978528534066,152.32317607103784
poisson_glm,2026-05-26,B0GQTT9HS7,Antique White,Queen,265.0,57.067821633043906,20.846604592501883,153.3430648424097
poisson_glm,2026-05-26,B0GQTV62MT,Silver,King,29.0,46.24249869480491,16.712801213209374,125.00229947052262
poisson_glm,2026-05-26,B0GQTX77XS,Taupe,Queen,67.0,60.7218228138476,22.241922731435974,162.90999382814942
poisson_glm,2026-05-26,B0GQTX9FXT,Taupe,King,75.0,62.56778982143547,22.946822320352467,167.74321981951888
poisson_glm,2026-05-26,B0GQTY29NN,Silver,Twin,69.0,98.8535098356991,36.80270291396147,262.756891913293
poisson_glm,2026-05-26,B0GQTYFYFT,Taupe,Queen,20.0,37.53088803399607,13.38607528946102,102.19905205667548
poisson_glm,2026-05-26,B0GQTZCY6M,Antique White,Twin,197.0,104.95523884969101,39.13266112208114,278.73506679621124
poisson_glm,2026-05-26,B0GQV17JCG,Antique White,Queen,114.0,39.34786997600293,14.079938877144548,106.95472215525974
poisson_glm,2026-05-26,B0GQV2JFML,Light Grey,Twin,62.0,79.05996382400564,29.244468572556436,210.92628305319633
poisson_glm,2026-05-26,B0GQV2K4N4,Indigo Dusty Blue,Twin,67.0,92.54896567676931,34.395295834368866,246.24779869464285
poisson_glm,2026-05-26,B0GQV7NMHD,Silver,Queen,18.0,47.648288623093556,17.24962658099513,128.68243352553912
poisson_glm,2026-05-26,B0GQV8SPG4,Taupe,King,23.0,46.68633821843921,16.882289243123584,126.16419143918111
poisson_glm,2026-05-26,B0GQVB1Y5X,Antique White,King,92.0,45.62340206534249,16.47638784873057,123.38163074439181
poisson_glm,2026-05-26,B0GR5R4WPL,Grey,Oversized King,1.0,2.9613048085054428,0.17280867333337313,12.379791727911172
poisson_glm,2026-05-26,B0GR62LRTF,Ivory,Oversized King,2.0,3.2396728266670274,0.2802452400867776,13.040142555781275
negbin_glm,2026-05-26,B0GQTFKZCT,Antique White,King,238.0,54.19142854743908,10.6327443263298,97.75011276854836
negbin_glm,2026-05-26,B0GQTJP3JD,Silver,King,71.0,52.46761385605958,10.262031558750685,94.67319615336848
negbin_glm,2026-05-26,B0GQTKYXNY,Taupe,Twin,54.0,96.89517978064204,19.82086016797122,173.96949939331284
negbin_glm,2026-05-26,B0GQTLHF3G,Silver Gray,Queen,75.0,50.78256029861054,9.89968028990328,91.6654403073178
negbin_glm,2026-05-26,B0GQTT9HS7,Antique White,Queen,265.0,53.44756495795201,10.47277058039429,96.42235933550973
negbin_glm,2026-05-26,B0GQTV62MT,Silver,King,29.0,46.60448389894709,9.001360624975597,84.20760717291859
negbin_glm,2026-05-26,B0GQTX77XS,Taupe,Queen,67.0,61.03365515259676,12.104410360107465,109.96289994508605
negbin_glm,2026-05-26,B0GQTX9FXT,Taupe,King,75.0,60.19587111518973,11.92419839072835,108.46754383965111
negbin_glm,2026-05-26,B0GQTY29NN,Silver,Twin,69.0,90.0959678216974,18.357603621274947,161.83433202211984
negbin_glm,2026-05-26,B0GQTYFYFT,Taupe,Queen,20.0,38.89369233046132,7.344116469847293,70.44326819107535
negbin_glm,2026-05-26,B0GQTZCY6M,Antique White,Twin,197.0,87.63952259258008,17.828972578464146,157.450072606696
negbin_glm,2026-05-26,B0GQV17JCG,Antique White,Queen,114.0,39.120727659539696,7.392896882981688,70.8485584360977
negbin_glm,2026-05-26,B0GQV2JFML,Light Grey,Twin,62.0,80.93798445575372,16.386854598652263,145.48911431285518
negbin_glm,2026-05-26,B0GQV2K4N4,Indigo Dusty Blue,Twin,67.0,93.73778796696112,19.14134933772472,168.33422659619754
negbin_glm,2026-05-26,B0GQV7NMHD,Silver,Queen,18.0,45.964763197565034,8.863833807337599,83.06569258779247
negbin_glm,2026-05-26,B0GQV8SPG4,Taupe,King,23.0,50.677484971021194,9.877085957598773,91.47788398444362
negbin_glm,2026-05-26,B0GQVB1Y5X,Antique White,King,92.0,41.6660076415767,7.93984176667621,75.39217351647719
negbin_glm,2026-05-26,B0GR5R4WPL,Grey,Oversized King,1.0,2.890664286825046,0.0,6.036022900721973
negbin_glm,2026-05-26,B0GR62LRTF,Ivory,Oversized King,2.0,2.7732538800233515,0.0,5.821358701953965
random_forest,2026-05-26,B0GQTFKZCT,Antique White,King,238.0,111.84014873822018,44.07791730955488,256.85590661709483
random_forest,2026-05-26,B0GQTJP3JD,Silver,King,71.0,124.48893737034119,46.77944012237724,255.69841645090838
random_forest,2026-05-26,B0GQTKYXNY,Taupe,Twin,54.0,83.28608692111582,29.728474790636554,231.84700264191818
random_forest,2026-05-26,B0GQTLHF3G,Silver Gray,Queen,75.0,133.45709625037009,54.47081752351299,254.97945793038463
random_forest,2026-05-26,B0GQTT9HS7,Antique White,Queen,265.0,116.26236865310537,46.44755952826763,256.4298053893007
random_forest,2026-05-26,B0GQTV62MT,Silver,King,29.0,83.47577663821718,16.183748852596533,256.492847668995
random_forest,2026-05-26,B0GQTX77XS,Taupe,Queen,67.0,89.85807829427907,33.89037499964826,229.48783368872057
random_forest,2026-05-26,B0GQTX9FXT,Taupe,King,75.0,80.71105121984986,29.71786130955654,230.6791924966905
random_forest,2026-05-26,B0GQTY29NN,Silver,Twin,69.0,130.816829017648,52.56501085989773,281.0236882828324
random_forest,2026-05-26,B0GQTYFYFT,Taupe,Queen,20.0,69.08698987550619,23.011962567884858,232.56379583523488
random_forest,2026-05-26,B0GQTZCY6M,Antique White,Twin,197.0,111.73874200927055,45.40105144025393,256.8002591281702
random_forest,2026-05-26,B0GQV17JCG,Antique White,Queen,114.0,73.33761285927014,13.347368158372946,242.8007103618963
random_forest,2026-05-26,B0GQV2JFML,Light Grey,Twin,62.0,98.25208771825314,19.28005208781434,258.34063052020906
random_forest,2026-05-26,B0GQV2K4N4,Indigo Dusty Blue,Twin,67.0,68.10343225065567,6.906291742278831,241.6263714725048
random_forest,2026-05-26,B0GQV7NMHD,Silver,Queen,18.0,84.54113955994347,16.67713947641954,257.05034467185783
random_forest,2026-05-26,B0GQV8SPG4,Taupe,King,23.0,66.27081664997404,20.076301942823328,228.48072527630327
random_forest,2026-05-26,B0GQVB1Y5X,Antique White,King,92.0,71.06499660091325,12.166678051488226,238.92891954176352
random_forest,2026-05-26,B0GR5R4WPL,Grey,Oversized King,1.0,107.9057966535652,34.2380820185538,251.40834768683263
random_forest,2026-05-26,B0GR62LRTF,Ivory,Oversized King,2.0,112.23333951086614,28.141702134060914,256.8170035386081
xgboost,2026-05-26,B0GQTFKZCT,Antique White,King,238.0,97.22480773925781,37.43382263183594,154.20303344726562
xgboost,2026-05-26,B0GQTJP3JD,Silver,King,71.0,186.37623596191406,38.875335693359375,200.0281982421875
xgboost,2026-05-26,B0GQTKYXNY,Taupe,Twin,54.0,89.47616577148438,35.46083068847656,156.31781005859375
xgboost,2026-05-26,B0GQTLHF3G,Silver Gray,Queen,75.0,174.1734619140625,36.259681701660156,188.92250061035156
xgboost,2026-05-26,B0GQTT9HS7,Antique White,Queen,265.0,161.41908264160156,38.514095306396484,174.12416076660156
xgboost,2026-05-26,B0GQTV62MT,Silver,King,29.0,132.3557891845703,32.22154235839844,143.8603973388672
xgboost,2026-05-26,B0GQTX77XS,Taupe,Queen,67.0,109.53026580810547,33.69355010986328,154.57713317871094
xgboost,2026-05-26,B0GQTX9FXT,Taupe,King,75.0,70.28044891357422,35.16428756713867,158.4597930908203
xgboost,2026-05-26,B0GQTY29NN,Silver,Twin,69.0,214.6947479248047,39.08193588256836,229.3472137451172
xgboost,2026-05-26,B0GQTYFYFT,Taupe,Queen,20.0,65.7037124633789,29.19719696044922,126.7636947631836
xgboost,2026-05-26,B0GQTZCY6M,Antique White,Twin,197.0,98.18248748779297,37.35914993286133,150.3692169189453
xgboost,2026-05-26,B0GQV17JCG,Antique White,Queen,114.0,70.68172454833984,31.290164947509766,121.3491439819336
xgboost,2026-05-26,B0GQV2JFML,Light Grey,Twin,62.0,149.03578186035156,32.55644607543945,161.24380493164062
xgboost,2026-05-26,B0GQV2K4N4,Indigo Dusty Blue,Twin,67.0,75.51481628417969,34.35661697387695,133.0894317626953
xgboost,2026-05-26,B0GQV7NMHD,Silver,Queen,18.0,150.08157348632812,32.29833984375,162.3323516845703
xgboost,2026-05-26,B0GQV8SPG4,Taupe,King,23.0,68.28294372558594,27.7182674407959,117.23500061035156
xgboost,2026-05-26,B0GQVB1Y5X,Antique White,King,92.0,55.65142822265625,30.53687286376953,119.14167785644531
xgboost,2026-05-26,B0GR5R4WPL,Grey,Oversized King,1.0,103.03374481201172,33.32453155517578,146.23001098632812
xgboost,2026-05-26,B0GR62LRTF,Ivory,Oversized King,2.0,111.08075714111328,52.826133728027344,149.7716827392578
lightgbm,2026-05-26,B0GQTFKZCT,Antique White,King,238.0,145.88813036782437,75.50927911768238,183.9084868353787
lightgbm,2026-05-26,B0GQTJP3JD,Silver,King,71.0,187.01460014836852,71.45027723590802,200.68992830342088
lightgbm,2026-05-26,B0GQTKYXNY,Taupe,Twin,54.0,95.14472290053008,50.34937390077115,159.0552445940864
lightgbm,2026-05-26,B0GQTLHF3G,Silver Gray,Queen,75.0,156.8819407874408,63.827811011868285,202.20339185107252
lightgbm,2026-05-26,B0GQTT9HS7,Antique White,Queen,265.0,214.44215739297204,70.03411840771572,229.08600106165997
lightgbm,2026-05-26,B0GQTV62MT,Silver,King,29.0,180.54610929465306,64.76620854723564,193.98285403788063
lightgbm,2026-05-26,B0GQTX77XS,Taupe,Queen,67.0,151.39292022974035,55.329616395488905,171.61559935897128
lightgbm,2026-05-26,B0GQTX9FXT,Taupe,King,75.0,98.12719360245767,46.82169291405078,142.8961254278635
lightgbm,2026-05-26,B0GQTY29NN,Silver,Twin,69.0,173.6593659194696,80.06739811722271,213.61939006698924
lightgbm,2026-05-26,B0GQTYFYFT,Taupe,Queen,20.0,85.37469475175672,48.65761999747366,129.8540996783516
lightgbm,2026-05-26,B0GQTZCY6M,Antique White,Twin,197.0,131.06635805830226,85.46679179251916,208.48234049835932
lightgbm,2026-05-26,B0GQV17JCG,Antique White,Queen,114.0,112.93593094094446,59.81413441499086,169.5132756360382
lightgbm,2026-05-26,B0GQV2JFML,Light Grey,Twin,62.0,185.38014590872442,80.84197650498079,239.17246499801848
lightgbm,2026-05-26,B0GQV2K4N4,Indigo Dusty Blue,Twin,67.0,76.1432007265918,32.13821256292511,148.80628761326494
lightgbm,2026-05-26,B0GQV7NMHD,Silver,Queen,18.0,193.72044091734156,69.11984730263869,207.6387899903222
lightgbm,2026-05-26,B0GQV8SPG4,Taupe,King,23.0,87.94051257897091,46.425267771765476,130.69410426608545
lightgbm,2026-05-26,B0GQVB1Y5X,Antique White,King,92.0,91.29580306989324,51.323283310755045,170.10257788337384
lightgbm,2026-05-26,B0GR5R4WPL,Grey,Oversized King,1.0,111.4149476475932,66.97019250692172,121.97027557464469
lightgbm,2026-05-26,B0GR62LRTF,Ivory,Oversized King,2.0,127.30629532616646,69.41365169850314,138.58930446939445
gompertz,2026-05-26,B0GQTFKZCT,Antique White,King,238.0,43.61603229359222,20.009039341369263,93.74923176059542
gompertz,2026-05-26,B0GQTJP3JD,Silver,King,71.0,64.62228582814227,30.154104623277107,137.22526596039364
gompertz,2026-05-26,B0GQTKYXNY,Taupe,Twin,54.0,105.84414270229148,50.06378185268307,222.5570969404767
gompertz,2026-05-26,B0GQTLHF3G,Silver Gray,Queen,75.0,72.62723230694046,34.02031160960208,153.79500575585465
gompertz,2026-05-26,B0GQTT9HS7,Antique White,Queen,265.0,52.42042961766674,24.261048056069054,111.97006736228688
gompertz,2026-05-26,B0GQTV62MT,Silver,King,29.0,50.349051037647605,23.260674502529444,107.68308884784021
gompertz,2026-05-26,B0GQTX77XS,Taupe,Queen,67.0,82.42625727786613,38.75309212755637,174.07922103418372
gompertz,2026-05-26,B0GQTX9FXT,Taupe,King,75.0,67.5964574121405,31.5905540886121,143.3815271351833
gompertz,2026-05-26,B0GQTY29NN,Silver,Twin,69.0,110.69631597990363,52.40737484004472,232.6019518062502
gompertz,2026-05-26,B0GQTYFYFT,Taupe,Queen,20.0,33.970533302162885,15.351176135507451,73.79206323158668
gompertz,2026-05-26,B0GQTZCY6M,Antique White,Twin,197.0,73.03893841369444,34.21915795181034,154.6472306614322
gompertz,2026-05-26,B0GQV17JCG,Antique White,Queen,114.0,24.2364561014771,10.651290391629166,53.66164649190657
gompertz,2026-05-26,B0GQV2JFML,Light Grey,Twin,62.0,110.2718803499734,52.202372767910845,231.72329244846583
gompertz,2026-05-26,B0GQV2K4N4,Indigo Dusty Blue,Twin,67.0,60.2827795585396,28.05825272092681,128.24311404711239
gompertz,2026-05-26,B0GQV7NMHD,Silver,Queen,18.0,61.33834286825055,28.56805591951715,130.42795056047171
gompertz,2026-05-26,B0GQV8SPG4,Taupe,King,23.0,46.73138322356508,21.5135457661732,100.19618509217557
gompertz,2026-05-26,B0GQVB1Y5X,Antique White,King,92.0,17.31846256960839,7.312143145410923,39.37058374041687
gompertz,2026-05-26,B0GR5R4WPL,Grey,Oversized King,1.0,0.37343617332535284,0.0,4.996087196605737
gompertz,2026-05-26,B0GR62LRTF,Ivory,Oversized King,2.0,0.2296945151028353,0.0,4.368546191623963
logistic,2026-05-26,B0GQTFKZCT,Antique White,King,238.0,39.472829564215594,18.37163449238502,83.55920090676707
logistic,2026-05-26,B0GQTJP3JD,Silver,King,71.0,60.279405390324655,28.619548978640406,125.77996979966564
logistic,2026-05-26,B0GQTKYXNY,Taupe,Twin,54.0,102.55473528517153,49.44368371661855,211.58525170811595
logistic,2026-05-26,B0GQTLHF3G,Silver Gray,Queen,75.0,68.42456348894636,32.63158657652338,142.3108130258476
logistic,2026-05-26,B0GQTT9HS7,Antique White,Queen,265.0,48.027811140535306,22.58506485681456,100.91730571126566
logistic,2026-05-26,B0GQTV62MT,Silver,King,29.0,47.435091026642425,22.29313319209124,99.71457641240232
logistic,2026-05-26,B0GQTX77XS,Taupe,Queen,67.0,79.26661090180761,37.97215053988081,164.31622546898544
logistic,2026-05-26,B0GQTX9FXT,Taupe,King,75.0,64.17384108043241,30.537807673857618,133.6837296080797
logistic,2026-05-26,B0GQTY29NN,Silver,Twin,69.0,106.53064791067604,51.402210796578295,219.65558044823536
logistic,2026-05-26,B0GQTYFYFT,Taupe,Queen,20.0,31.097163317085474,14.246961557920459,66.56939007749233
logistic,2026-05-26,B0GQTZCY6M,Antique White,Twin,197.0,67.53144281805572,32.191659972725645,140.49815521681379
logistic,2026-05-26,B0GQV17JCG,Antique White,Queen,114.0,22.066572069277715,9.800764965653343,48.26195030807225
logistic,2026-05-26,B0GQV2JFML,Light Grey,Twin,62.0,108.93267062420632,52.585445379986204,224.53124239000843
logistic,2026-05-26,B0GQV2K4N4,Indigo Dusty Blue,Twin,67.0,57.06918687511672,27.03833154532458,119.26501858308744
logistic,2026-05-26,B0GQV7NMHD,Silver,Queen,18.0,58.051325145853866,27.522089017727,121.25819081183288
logistic,2026-05-26,B0GQV8SPG4,Taupe,King,23.0,44.40358021840698,20.800047867352763,93.56332890610524
logistic,2026-05-26,B0GQVB1Y5X,Antique White,King,92.0,15.811169048525189,6.722302483829762,35.59729793929703
logistic,2026-05-26,B0GR5R4WPL,Grey,Oversized King,1.0,0.4677459642804713,0.0,5.346462463622697
logistic,2026-05-26,B0GR62LRTF,Ivory,Oversized King,2.0,0.2811300737430404,0.0,4.539544391126461
bass,2026-05-26,B0GQTFKZCT,Antique White,King,238.0,38.419405755182765,17.947710884145796,81.00935509270036
bass,2026-05-26,B0GQTJP3JD,Silver,King,71.0,59.36046470534928,28.315791691605238,123.28065179931757
bass,2026-05-26,B0GQTKYXNY,Taupe,Twin,54.0,102.26760030959234,49.56189096781984,209.91373502009537
bass,2026-05-26,B0GQTLHF3G,Silver Gray,Queen,75.0,67.67497626184041,32.43269424393255,140.06707434804653
bass,2026-05-26,B0GQTT9HS7,Antique White,Queen,265.0,46.94730627353566,22.169741349001075,98.22183179603549
bass,2026-05-26,B0GQTV62MT,Silver,King,29.0,46.923372154736306,22.157891461477636,98.17351942432893
bass,2026-05-26,B0GQTX77XS,Taupe,Queen,67.0,78.76599638610946,37.924520412301426,162.4603101611507
bass,2026-05-26,B0GQTX9FXT,Taupe,King,75.0,63.46548312443875,30.348363516792077,131.56827624323046
bass,2026-05-26,B0GQTY29NN,Silver,Twin,69.0,105.98484098872102,51.4025959862659,217.4196409731633
bass,2026-05-26,B0GQTYFYFT,Taupe,Queen,20.0,29.85879632061495,13.710010169873192,63.73587029242739
bass,2026-05-26,B0GQTZCY6M,Antique White,Twin,197.0,66.21309144659848,31.708838914463488,137.11556177896546
bass,2026-05-26,B0GQV17JCG,Antique White,Queen,114.0,21.556242464708458,9.601073545063919,46.99363686743005
bass,2026-05-26,B0GQV2JFML,Light Grey,Twin,62.0,108.62776079199433,52.7113214520178,222.75628845778897
bass,2026-05-26,B0GQV2K4N4,Indigo Dusty Blue,Twin,67.0,55.90949692123879,26.607094463987778,116.31371601068761
bass,2026-05-26,B0GQV7NMHD,Silver,Queen,18.0,57.513189181638,27.40113646542256,119.55127837488179
bass,2026-05-26,B0GQV8SPG4,Taupe,King,23.0,43.98691624102962,20.704057239756615,92.24628158325433
bass,2026-05-26,B0GQVB1Y5X,Antique White,King,92.0,15.469793152565613,6.590320657736742,34.7368415274802
bass,2026-05-26,B0GR5R4WPL,Grey,Oversized King,1.0,0.04312064687143358,0.0,3.4990407848574248
bass,2026-05-26,B0GR62LRTF,Ivory,Oversized King,2.0,0.025715998857646423,0.0,3.423973512922037
hier_bayes,2026-05-26,B0GQTFKZCT,Antique White,King,238.0,90.04381551520206,13.0,194.0
hier_bayes,2026-05-26,B0GQTJP3JD,Silver,King,71.0,96.42741258215001,11.0,215.20000000000005
hier_bayes,2026-05-26,B0GQTKYXNY,Taupe,Twin,54.0,199.60962406550112,20.900000000000006,465.00000000000045
hier_bayes,2026-05-26,B0GQTLHF3G,Silver Gray,Queen,75.0,125.87359682043753,14.0,307.1
hier_bayes,2026-05-26,B0GQTT9HS7,Antique White,Queen,265.0,138.55061740123654,16.0,278.1
hier_bayes,2026-05-26,B0GQTV62MT,Silver,King,29.0,47.08082244033307,5.0,108.0
hier_bayes,2026-05-26,B0GQTX77XS,Taupe,Queen,67.0,130.14846102404698,13.0,275.20000000000005
hier_bayes,2026-05-26,B0GQTX9FXT,Taupe,King,75.0,96.06941423236778,10.0,227.20000000000005
hier_bayes,2026-05-26,B0GQTY29NN,Silver,Twin,69.0,229.58817339053329,27.900000000000006,535.1
hier_bayes,2026-05-26,B0GQTYFYFT,Taupe,Queen,20.0,48.424316214878,5.0,98.10000000000002
hier_bayes,2026-05-26,B0GQTZCY6M,Antique White,Twin,197.0,226.35380364770953,28.900000000000006,504.20000000000005
hier_bayes,2026-05-26,B0GQV17JCG,Antique White,Queen,114.0,65.33692623610746,9.0,136.0
hier_bayes,2026-05-26,B0GQV2JFML,Light Grey,Twin,62.0,124.82155943409565,13.0,299.0
hier_bayes,2026-05-26,B0GQV2K4N4,Indigo Dusty Blue,Twin,67.0,109.46593047456986,10.0,243.10000000000002
hier_bayes,2026-05-26,B0GQV7NMHD,Silver,Queen,18.0,62.773703683825055,8.0,145.10000000000002
hier_bayes,2026-05-26,B0GQV8SPG4,Taupe,King,23.0,45.612419762954886,4.0,105.0
hier_bayes,2026-05-26,B0GQVB1Y5X,Antique White,King,92.0,42.286306490020216,5.0,90.10000000000002
hier_bayes,2026-05-26,B0GR5R4WPL,Grey,Oversized King,1.0,4.031941101599083,0.0,10.0
hier_bayes,2026-05-26,B0GR62LRTF,Ivory,Oversized King,2.0,4.244312790357525,0.0,10.0
knn_lookalike,2026-05-26,B0GQTFKZCT,Antique White,King,238.0,103.06712149521084,46.01488180271541,200.88518936161236
knn_lookalike,2026-05-26,B0GQTJP3JD,Silver,King,71.0,91.18286789061692,25.830933897469503,198.41555124235072
knn_lookalike,2026-05-26,B0GQTKYXNY,Taupe,Twin,54.0,114.76410205255053,48.721490608602416,231.26962165709492
knn_lookalike,2026-05-26,B0GQTLHF3G,Silver Gray,Queen,75.0,101.68785057549984,35.726166190351684,230.99797165216668
knn_lookalike,2026-05-26,B0GQTT9HS7,Antique White,Queen,265.0,121.9964799701864,35.40047251351598,237.67271780960783
knn_lookalike,2026-05-26,B0GQTV62MT,Silver,King,29.0,65.01694832483123,17.533989008799622,158.7077363716886
knn_lookalike,2026-05-26,B0GQTX77XS,Taupe,Queen,67.0,76.95303365378805,34.48736797649006,136.83515312770007
knn_lookalike,2026-05-26,B0GQTX9FXT,Taupe,King,75.0,70.4111410444403,25.876086517133768,111.37426511993066
knn_lookalike,2026-05-26,B0GQTY29NN,Silver,Twin,69.0,239.2689623170133,112.31581066745909,432.58927584518216
knn_lookalike,2026-05-26,B0GQTYFYFT,Taupe,Queen,20.0,42.12404733693616,18.604781278709112,74.51925395496266
knn_lookalike,2026-05-26,B0GQTZCY6M,Antique White,Twin,197.0,204.2589608491566,50.88638420125243,434.75145436903574
knn_lookalike,2026-05-26,B0GQV17JCG,Antique White,Queen,114.0,64.80451616216315,35.217774480163975,107.44610387828412
knn_lookalike,2026-05-26,B0GQV2JFML,Light Grey,Twin,62.0,209.96261567109948,92.54013771451244,472.7174155195433
knn_lookalike,2026-05-26,B0GQV2K4N4,Indigo Dusty Blue,Twin,67.0,168.56259083395616,92.48231368673072,244.2687750084778
knn_lookalike,2026-05-26,B0GQV7NMHD,Silver,Queen,18.0,82.12682491388968,54.3855561304547,114.5294828326406
knn_lookalike,2026-05-26,B0GQV8SPG4,Taupe,King,23.0,58.23964077967537,17.706921986625183,132.36829616589233
knn_lookalike,2026-05-26,B0GQVB1Y5X,Antique White,King,92.0,50.790501676793596,11.936916770652438,136.74451164540855
knn_lookalike,2026-05-26,B0GR5R4WPL,Grey,Oversized King,1.0,1.3570698981352758,0.11280127756760094,4.624719263974745
knn_lookalike,2026-05-26,B0GR62LRTF,Ivory,Oversized King,2.0,1.3619677004609012,0.08024482176794585,5.570619813346957
matrix_factorisation,2026-05-26,B0GQTFKZCT,Antique White,King,238.0,16.251317525837045,6.6475765410804595,37.91532889910846
matrix_factorisation,2026-05-26,B0GQTJP3JD,Silver,King,71.0,48.37491574703185,21.83503975309365,105.76058948818837
matrix_factorisation,2026-05-26,B0GQTKYXNY,Taupe,Twin,54.0,108.87183920518994,50.44431375590179,233.6580247451783
matrix_factorisation,2026-05-26,B0GQTLHF3G,Silver Gray,Queen,75.0,56.25555258555601,25.56165103430645,122.41846889123418
matrix_factorisation,2026-05-26,B0GQTT9HS7,Antique White,Queen,265.0,48.441540321872594,21.866544828156666,105.90141111259472
matrix_factorisation,2026-05-26,B0GQTV62MT,Silver,King,29.0,48.37491574703185,21.83503975309365,105.76058948818837
matrix_factorisation,2026-05-26,B0GQTX77XS,Taupe,Queen,67.0,50.33975268709766,22.764165284106415,109.9136455861618
matrix_factorisation,2026-05-26,B0GQTX9FXT,Taupe,King,75.0,35.16667268399224,15.589450586731594,77.84698810201735
matrix_factorisation,2026-05-26,B0GQTY29NN,Silver,Twin,69.0,176.59142079865805,82.47044618320578,376.8428675469526
matrix_factorisation,2026-05-26,B0GQTYFYFT,Taupe,Queen,20.0,38.65373867044999,17.238267792621283,85.21536915805677
matrix_factorisation,2026-05-26,B0GQTZCY6M,Antique White,Twin,197.0,149.73227942844005,69.768094290795,320.0517435771705
matrix_factorisation,2026-05-26,B0GQV17JCG,Antique White,Queen,114.0,47.57651281612487,21.45749597282899,104.07305000655833
matrix_factorisation,2026-05-26,B0GQV2JFML,Light Grey,Twin,62.0,192.3585119413954,89.927111643297,410.1811478941541
matrix_factorisation,2026-05-26,B0GQV2K4N4,Indigo Dusty Blue,Twin,67.0,120.74876711848339,56.061144495025495,258.7698035335223
matrix_factorisation,2026-05-26,B0GQV7NMHD,Silver,Queen,18.0,57.29732207788112,26.054292487188082,124.62064829681442
matrix_factorisation,2026-05-26,B0GQV8SPG4,Taupe,King,23.0,34.538696386063805,15.292525891749206,76.52014323699353
matrix_factorisation,2026-05-26,B0GQVB1Y5X,Antique White,King,92.0,15.961115427161385,6.51044724904303,37.30390215045417
matrix_factorisation,2026-05-26,B0GR5R4WPL,Grey,Oversized King,1.0,1.364811172152564,0.0,7.925575214587984
matrix_factorisation,2026-05-26,B0GR62LRTF,Ivory,Oversized King,2.0,1.0001934262324488,0.0,7.823855041753226
cluster_pool,2026-05-26,B0GQTFKZCT,Antique White,King,238.0,32.131147540983605,8.324956155714467,116.71346900218455
cluster_pool,2026-05-26,B0GQTJP3JD,Silver,King,71.0,31.557377049180324,8.160107241632991,114.71729155143912
cluster_pool,2026-05-26,B0GQTKYXNY,Taupe,Twin,54.0,77.54098360655738,21.369603357109234,274.7619796564279
cluster_pool,2026-05-26,B0GQTLHF3G,Silver Gray,Queen,75.0,48.24590163934426,12.954450136581524,172.79107055708533
cluster_pool,2026-05-26,B0GQTT9HS7,Antique White,Queen,265.0,50.0327868852459,13.46776118557232,179.010252026558
cluster_pool,2026-05-26,B0GQTV62MT,Silver,King,29.0,31.557377049180324,8.160107241632991,114.71729155143912
cluster_pool,2026-05-26,B0GQTX77XS,Taupe,Queen,67.0,44.98360655737705,12.017292969856355,161.43715778081497
cluster_pool,2026-05-26,B0GQTX9FXT,Taupe,King,75.0,47.73770491803278,12.808461835631613,171.02233738647155
cluster_pool,2026-05-26,B0GQTY29NN,Silver,Twin,69.0,214.81967213114754,60.80141954607722,752.6741262725989
cluster_pool,2026-05-26,B0GQTYFYFT,Taupe,Queen,20.0,34.540983606557376,9.017306513941117,125.09792003106165
cluster_pool,2026-05-26,B0GQTZCY6M,Antique White,Twin,197.0,214.81967213114754,60.80141954607722,752.6741262725989
cluster_pool,2026-05-26,B0GQV17JCG,Antique White,Queen,114.0,49.13934426229508,13.211106163141624,175.90064476284155
cluster_pool,2026-05-26,B0GQV2JFML,Light Grey,Twin,62.0,234.0,66.31070236026174,819.4490231646017
cluster_pool,2026-05-26,B0GQV2K4N4,Indigo Dusty Blue,Twin,67.0,216.0,61.1404524841847,756.7833459127867
cluster_pool,2026-05-26,B0GQV7NMHD,Silver,Queen,18.0,49.13934426229508,13.211106163141624,175.90064476284155
cluster_pool,2026-05-26,B0GQV8SPG4,Taupe,King,23.0,46.885245901639344,12.563577433449675,168.0554565203142
cluster_pool,2026-05-26,B0GQVB1Y5X,Antique White,King,92.0,31.557377049180324,8.160107241632991,114.71729155143912
cluster_pool,2026-05-26,B0GR5R4WPL,Grey,Oversized King,1.0,1.180327868852459,0.0,11.138281878558
cluster_pool,2026-05-26,B0GR62LRTF,Ivory,Oversized King,2.0,0.8360655737704917,0.0,9.980276682808421
ensemble,2026-05-26,B0GQTFKZCT,Antique White,King,238.0,116.26238059178357,32.63920839306145,182.48276420135244
ensemble,2026-05-26,B0GQTJP3JD,Silver,King,71.0,148.9035206970072,26.120113198136085,207.95629895623776
ensemble,2026-05-26,B0GQTKYXNY,Taupe,Twin,54.0,97.43402569854233,26.151091238496708,194.00122190042939
ensemble,2026-05-26,B0GQTLHF3G,Silver Gray,Queen,75.0,129.23870254888647,26.2139787224826,207.26420641602138
ensemble,2026-05-26,B0GQTT9HS7,Antique White,Queen,265.0,165.82793198870797,17.832377222795152,229.28495696769295
ensemble,2026-05-26,B0GQTV62MT,Silver,King,29.0,140.95771586685706,20.70368375330354,195.63074936129175
ensemble,2026-05-26,B0GQTX77XS,Taupe,Queen,67.0,128.36608681749723,23.328140903732315,189.77082747164854
ensemble,2026-05-26,B0GQTX9FXT,Taupe,King,75.0,88.15667453811206,24.007869972608898,155.485723247414
ensemble,2026-05-26,B0GQTY29NN,Silver,Twin,69.0,152.66062425892756,27.935813607767834,252.3698574624751
ensemble,2026-05-26,B0GQTYFYFT,Taupe,Queen,20.0,70.42070780237891,24.18462667186907,126.22228857019047
ensemble,2026-05-26,B0GQTZCY6M,Antique White,Twin,197.0,115.26188801266244,34.62689713609014,226.54873255208815
ensemble,2026-05-26,B0GQV17JCG,Antique White,Queen,114.0,87.83190312320805,25.395125924305855,155.78371223795224
ensemble,2026-05-26,B0GQV2JFML,Light Grey,Twin,62.0,159.77510701183175,30.837205687942983,265.7491407521398
ensemble,2026-05-26,B0GQV2K4N4,Indigo Dusty Blue,Twin,67.0,74.99863139508602,2.8012049997108868,174.1873111040851
ensemble,2026-05-26,B0GQV7NMHD,Silver,Queen,18.0,152.25620724449848,22.62111049651653,211.62379072886293
ensemble,2026-05-26,B0GQV8SPG4,Taupe,King,23.0,75.95736533511769,23.533990556842603,134.7850318009765
ensemble,2026-05-26,B0GQVB1Y5X,Antique White,King,92.0,71.61423929204807,22.54401200698564,150.2191308102362
ensemble,2026-05-26,B0GR5R4WPL,Grey,Oversized King,1.0,78.24045177647788,24.744452118505883,108.90985516251445
ensemble,2026-05-26,B0GR62LRTF,Ivory,Oversized King,2.0,89.30571111280209,23.261818546111584,123.57030019037043
